Filename,Label,Contrast0,Contrast45,Contrast90,Contrast135,Homogeneity0,Homogeneity45,Homogeneity90,Homogeneity135,Dissimilarity0,Dissimilarity45,Dissimilarity90,Dissimilarity135,Entropy0,Entropy45,Entropy90,Entropy135,ASM0,ASM45,ASM90,ASM135,Energy0,Energy45,Energy90,Energy135,Correlation0,Correlation45,Correlation90,Correlation135
10_1.jpg,Acne vulgaris,6823.2421875,10090.0,5968.59375,8862.0,0.8950690156629655,0.8448312982499309,0.9082121958908744,0.8637160520407223,26.7578125,39.568627450980394,23.40625,34.75294117647059,0.9812263523549982,1.0722360889398799,0.9528122448579047,1.040021310513422,0.44801637807198547,0.4123225602313959,0.4585741704099685,0.42570342362333363,0.6693402558280694,0.6421234774024354,0.6771810469955346,0.6524595187621479,0.7709204716858388,0.6601480869097472,0.7996139366921966,0.7015096477893142
10_2.jpg,Acne vulgaris,6570.234375,9836.000000000002,5615.9765625,8338.0,0.8989598871989666,0.848737428105681,0.9136349066142773,0.8717743671762064,25.765625,38.57254901960785,22.0234375,32.69803921568628,0.9402215533164575,1.0300894026542222,0.9082765946905492,0.990690479413073,0.4791703916650147,0.44364971600991615,0.49109537713484597,0.46024825858093504,0.6922213458605669,0.666070353648859,0.7007819754637287,0.6784159922797627,0.7650179372032417,0.6465496389932276,0.7991466237040444,0.70037930967116
10_3.jpg,Acne vulgaris,6755.5078125,10526.0,5922.7734375,8908.0,0.8961106663103989,0.8381262879463599,0.9089168419170793,0.8630086426967674,26.4921875,41.27843137254902,23.2265625,34.93333333333333,1.023992411777527,1.1333194613633557,0.9955214573992299,1.090094440687257,0.40932288803810435,0.36650098597218317,0.41963233182174525,0.3839470279744829,0.6397834696505563,0.605393249030895,0.6477903455762097,0.6196345922997544,0.7912073747496043,0.674834242761403,0.8169447139871937,0.7248169707883886
10_4.jpg,Acne vulgaris,7094.1796875,11014.0,6137.9296875,9164.0,0.8909024130732324,0.8306215975148401,0.905608069272291,0.8590717559130194,27.8203125,43.192156862745094,24.0703125,35.937254901960785,1.037116545470877,1.1471668345225012,1.0050856213092745,1.098941621766058,0.4033900000525639,0.3600426829003307,0.4151033434781694,0.3796647340411615,0.6351299080129702,0.6000355680293716,0.6442851414382994,0.616169403687948,0.7815451727442732,0.6607401116182748,0.8109914847585245,0.7177249303495435
10_5.jpg,Acne vulgaris,5773.359375,8626.0,5119.921875,7596.0,0.9112146006981823,0.8673453695444899,0.9212634657675391,0.8831851874634762,22.640625,33.82745098039215,20.078125,29.788235294117648,0.8819639735363569,0.96429324589382,0.8592364344200926,0.9358006723398579,0.5159826186142349,0.48432951606315916,0.5243481811382642,0.4962179054842569,0.7183193012959034,0.6959378679617594,0.724118899862629,0.7044273599770646,0.7797475914968902,0.6688646343784763,0.8046760904579047,0.7084043314095647
10_6.jpg,Acne vulgaris,7028.4375,10276.0,5703.6328125,8858.0,0.8919134269369176,0.8419709039461138,0.9122868881293636,0.8637775658967183,27.5625,40.29803921568627,22.3671875,34.73725490196079,0.9949295087571591,1.084670164311953,0.9505849514508543,1.0475026222561132,0.4393549285618813,0.40404411292436104,0.45573946309337154,0.41943426922570376,0.6628385388327095,0.6356446435897664,0.6750847821521172,0.6476374519943267,0.7671715967258704,0.6586042374242727,0.8110579028985735,0.70571392906814
11_1.jpg,Acne vulgaris,7681.875,12224.0,6821.25,9866.0,0.8818645618675607,0.8120136560760312,0.8950996524467136,0.8482760741857103,30.125,47.937254901960785,26.75,38.69019607843137,1.0548875495494952,1.1745911843063424,1.0274340924809808,1.117068035651078,0.39710308422541807,0.34885192572992296,0.40738638872368804,0.3727958067764727,0.630161157344229,0.5906368814507971,0.6382682733174884,0.6105700670492067,0.7631172092381726,0.6228892867925168,0.7896559451326511,0.6956336472099943
11_2.jpg,Acne vulgaris,7283.4375,11168.0,6217.6171875,9564.0,0.8879919186171685,0.8282533140589918,0.9043825979223695,0.8529203703134131,28.5625,43.79607843137255,24.3828125,37.50588235294117,1.034859735445781,1.1426778109171387,0.9996754495023854,1.1019079819851223,0.40848736813965786,0.36527319167604927,0.4214750721252043,0.38207587872112003,0.6391301652556057,0.6043783514290111,0.6492111152200063,0.6181228670103703,0.7723604794798412,0.6512529200708733,0.8056720613940329,0.7013415945162814
11_3.jpg,Acne vulgaris,6829.21875,10828.0,6235.546875,9024.0,0.8949771053117215,0.8334819918186571,0.9041068668686372,0.8612247408728816,26.78125,42.46274509803922,24.453125,35.38823529411765,1.0259676400030926,1.1403950330239134,1.0059826426508973,1.0929063045064904,0.40883424541116997,0.36377094108512076,0.41612977552578934,0.3830441817767129,0.6394014743579889,0.6031342645589958,0.6450812162245847,0.6189056323679022,0.7887559272315663,0.6652432939848355,0.8071196185049015,0.7210154677612814
11_4.jpg,Acne vulgaris,5900.859375,9084.0,5285.2734375,7966.0,0.9092538465383078,0.8603020330329407,0.9187206127164519,0.8774951557838403,23.140625,35.62352941176471,20.7265625,31.23921568627451,0.9371488976632023,1.0347498630400427,0.9154207163786434,1.0035141358319173,0.47105951962586506,0.4325279684668646,0.4788978557300678,0.44521313184929767,0.6863377591433135,0.6576685855861328,0.6920244618003527,0.6672429331580048,0.7967252523192951,0.6876730354023002,0.8179311594878764,0.7261122192882785
11_5.jpg,Acne vulgaris,6729.609375,10388.0,5711.601562500001,8532.0,0.8965089444991234,0.840248515978224,0.9121643409943715,0.8687909451603975,26.390625,40.73725490196079,22.398437500000004,33.45882352941177,1.0240540169213945,1.1307471501531843,0.9888993213902747,1.0802226170445457,0.408815660311689,0.3671626652925759,0.421475909862643,0.3874005574113763,0.6393869409924549,0.6059394897946295,0.6492117604161549,0.6224151005650299,0.792351235114189,0.6795980145769024,0.8237628747994019,0.7368434983028621
11_6.jpg,Acne vulgaris,6430.78125,10280.0,5594.0625,8140.0,0.9011044620613293,0.8419093900901178,0.9139719112355058,0.8748193030480116,25.21875,40.31372549019608,21.9375,31.92156862745098,0.9919140928795533,1.1048153357768906,0.9628573349260349,1.0463983212778467,0.4322163369407199,0.3875952677237528,0.44270441544418015,0.41118296600500115,0.6574316214943725,0.6225714960739471,0.6653603650986285,0.6412354996450221,0.7933907898579113,0.6701619889377975,0.8202730290957296,0.7388247655596957
11_7.jpg,Acne vulgaris,7122.0703125,10930.0,6108.046875,9282.0,0.8904734981007597,0.8319133884907576,0.9060676210285117,0.8572570971611356,27.9296875,42.86274509803921,23.953125,36.4,1.033957900162911,1.1413262237914417,1.000057601361887,1.0985367135103767,0.4066612051817511,0.3640378642408407,0.41908270754112,0.3815041477112062,0.6376999334967435,0.6033555040279659,0.6473659765087443,0.6176602202758457,0.7790910996089332,0.6611971844020679,0.8105435836086683,0.7122810856010974
12_1.jpg,Acne vulgaris,6269.4140625,10236.0,5631.9140625,8040.0,0.9035860415449205,0.8425860425060745,0.913389812344293,0.8763571494479132,24.5859375,40.141176470588235,22.0859375,31.529411764705884,0.9371495607775076,1.050871970174692,0.915472060500264,0.9928162662140992,0.4771587564540982,0.4307430354840898,0.485168296054252,0.4550227703212366,0.6907667887602141,0.6563101671344805,0.6965402329042106,0.6745537564354946,0.7787224450856507,0.6394663616013294,0.801222863761403,0.7168141409998718
12_2.jpg,Acne vulgaris,6147.890625,10040.000000000002,5586.09375,7916.0,0.9054548853535509,0.8456002214498817,0.914094458370498,0.8782640789837911,24.109375,39.37254901960785,21.90625,31.04313725490196,0.9553869657681373,1.069991244808576,0.9359161843199187,1.0121655091920179,0.45942925722678774,0.4136546889294199,0.46650989853662045,0.43729911421700546,0.6778121105636781,0.643159924847172,0.6830152989037803,0.6612859549521716,0.7921885487586411,0.6612377138784103,0.8111784480619667,0.7329041576754479
12_3.jpg,Acne vulgaris,6612.0703125,10136.0,5576.1328125,8522.0,0.8983165147402576,0.844123888905976,0.9142476422892383,0.8689447298003875,25.9296875,39.74901960784314,21.8671875,33.41960784313726,1.0046101165667591,1.10816172778968,0.9687475321525959,1.0642956707216902,0.4241016314901419,0.38330352969557,0.4370468478732639,0.4010026550874098,0.6512308588282207,0.619115118290266,0.6610951882091292,0.6332477043680536,0.7901467669777147,0.6786779134663808,0.8230252488010315,0.7298434469771604
12_4.jpg,Acne vulgaris,6052.265625,9204.000000000002,4950.5859375,7798.0,0.9069254509734568,0.8584566173530589,0.9238675923861225,0.880078737735675,23.734375,36.09411764705883,19.4140625,30.580392156862743,0.9390312752631546,1.0344701725811467,0.8998823599864734,0.9952021931141769,0.4720038679534314,0.4340348895472582,0.48607945355302046,0.45000374853607455,0.6870253764988826,0.658813243299843,0.6971939855972802,0.6708231872379447,0.7901724827410864,0.6815298374964136,0.8283668925647136,0.7301792343325766
12_5.jpg,Acne vulgaris,6928.828125,10318.0,5894.8828125,9040.0,0.8934452661243195,0.8413250084581552,0.909345756889552,0.8609786854488973,27.171875,40.46274509803922,23.1171875,35.450980392156865,1.0126191952986323,1.108521242242401,0.9777678190075544,1.0747509442604155,0.42234156296556613,0.3849277810962306,0.43510648229497073,0.39873075333607977,0.6498781139302708,0.6204254839190848,0.6596260169936983,0.6314513071774258,0.7791377850721777,0.6705020253807791,0.8120956601577267,0.7113140443343908
12_6.jpg,Acne vulgaris,6416.8359375,10388.0,5960.625,8446.0,0.9013189195475656,0.8402485159782241,0.9083347430258666,0.8701134930643126,25.1640625,40.73725490196079,23.375,33.12156862745098,0.9906964082072887,1.1067360990525896,0.9750885101734725,1.0545478599003781,0.4330516461141748,0.3871181692310399,0.4387321001087323,0.4083333075839136,0.6580665970205256,0.6221882104564823,0.6623685530795769,0.639009630274782,0.7935527824708472,0.6662400419168066,0.8082303400039661,0.7286352901452975
12_7.jpg,Acne vulgaris,6420.8203125,10144.0,5610.0,8250.0,0.9012576459800695,0.8440008611939839,0.9137268169655215,0.8731276720081198,25.1796875,39.780392156862746,22.0,32.35294117647059,1.010872531026445,1.121603230339025,0.9824537718145158,1.0691763673527817,0.4151351671757857,0.37214601322266694,0.4252974685968137,0.3930338748545682,0.6443098378697827,0.6100377145903907,0.6521483486115822,0.6269241380379035,0.8008679469213944,0.6856005266564961,0.8260143153988976,0.7443024787969336
1_1.jpg,Acne vulgaris,4275.234375,5900.0,3418.59375,5312.0,0.9342534620767078,0.9092670624058069,0.9474272790883647,0.9183095992372281,16.765625,23.137254901960784,13.40625,20.83137254901961,0.6925251513152719,0.7402114815937431,0.6601949437164419,0.7220378759699793,0.6451909628358085,0.6282763318931691,0.6568062182363755,0.6357598154437686,0.8032377996806478,0.7926388407674514,0.8104358199366409,0.7973454806065992,0.7758995110605638,0.6862814173769871,0.820803150503228,0.7175469303570432
1_2.jpg,Acne vulgaris,4048.125,5512.0,3097.8515625,5188.0,0.9377460554239843,0.9152339064374251,0.9523598012717991,0.9202165287731062,15.875,21.6156862745098,12.1484375,20.345098039215685,0.6869336656874195,0.731169577375412,0.6497933496791616,0.7208565951962629,0.646193383028763,0.6311243002536068,0.6592013391408954,0.6352870856608696,0.8038615446883642,0.794433320206049,0.8119121498911661,0.7970489857347975,0.7892717313098161,0.7089969198821238,0.8387389479265571,0.726102325897761
1_3.jpg,Acne vulgaris,5783.3203125,8102.0,4755.3515625,7570.0,0.9110614167794422,0.8754036846799742,0.9268699971934304,0.8835850275274506,22.6796875,31.772549019607844,18.6484375,29.686274509803923,0.8648373075152235,0.9314001307161409,0.8288431776845828,0.9165669815992741,0.5303322874990989,0.5050292284885549,0.5435789579503677,0.5112388405311239,0.7282391691601728,0.7106540849728192,0.7372780736942932,0.715009678627586,0.7711496727133725,0.6771207143015473,0.8118271680216397,0.6983218720393375
1_4.jpg,Acne vulgaris,5847.0703125,8177.999999999999,4653.75,7530.0,0.9100810396995048,0.874234921416049,0.9284324731645803,0.8842001660874113,22.9296875,32.07058823529412,18.25,29.529411764705884,0.9046082612534512,0.9737611891383712,0.86185687844025,0.9551672877582676,0.498091812456447,0.4721866644316999,0.5134799284680172,0.4797447348571019,0.7057561990209134,0.6871583983563759,0.7165751380476559,0.6926360767799363,0.7859414115433356,0.6990238122769207,0.8296283261891763,0.7228722556181477
1_5.jpg,Acne vulgaris,4952.578125,7026.0,4147.734375,6322.0,0.9238369556023744,0.8919509119429152,0.9362142162365823,0.9027773505982222,19.421875,27.55294117647059,16.265625,24.7921568627451,0.7344604420284475,0.7920259112465782,0.7060716825837381,0.7721729487312985,0.6222586945413121,0.6002111341259484,0.6329039091222427,0.6088153090499454,0.7888337559595888,0.7747329437463908,0.7955525809915035,0.7802661783327184,0.7522132472819344,0.6438823617260078,0.792481086420349,0.6795650855154883
1_6.jpg,Acne vulgaris,3647.6953125,4972.0,2852.8125,4586.0,0.94390404895734,0.9235382769968936,0.9561281256728079,0.9294743641005137,14.3046875,19.498039215686276,11.1875,17.984313725490196,0.6080883029001831,0.6463356605590176,0.5770696428129403,0.6340046944343757,0.6994612587969471,0.6865833978325256,0.7104634715501551,0.6916470196229202,0.8363380051133316,0.8286032813310152,0.8428899522180551,0.8316531847007622,0.7734274803233263,0.6850790309814485,0.8228007382976534,0.709527843137756
1_7.jpg,Acne vulgaris,4038.1640625,5440.000000000001,3129.7265625,5068.0,0.9378992393427245,0.9163411558453542,0.9518696127318304,0.9220619444529881,15.8359375,21.333333333333336,12.2734375,19.87450980392157,0.6696582094395969,0.7110114888564003,0.6345864024367455,0.6992288259275594,0.6592032112611436,0.6450999874209208,0.6716337818349613,0.6498963738697491,0.8119133027984845,0.8031811672474155,0.819532660627361,0.8061615060704331,0.7802111382312231,0.6993226650917775,0.8296554998328818,0.7198836887288841
2_1.jpg,Acne vulgaris,6335.15625,9976.0,5928.75,8222.0,0.9025750276812352,0.8465844431458187,0.9088249315658352,0.8735582690000923,24.84375,39.12156862745098,23.25,32.24313725490196,0.9685019870454501,1.072941751431462,0.9546750957045596,1.0254844461992756,0.45116085957399193,0.41063034881003535,0.45623209119163904,0.4300555355561497,0.671685089587369,0.6408044544243082,0.6754495474805199,0.6557861965276105,0.7886190041620879,0.6661117336187627,0.8021792944611237,0.724816627286835
2_10.jpg,Acne vulgaris,6799.3359375,11062.0,6313.2421875,9022.0,0.8954366570679421,0.8298834312428875,0.9029120323024635,0.8612554978008795,26.6640625,43.38039215686275,24.7578125,35.38039215686275,1.005131179794496,1.1251249368874954,0.9889664662926041,1.0726257996654265,0.4268000992331676,0.3786249891466639,0.43276812385110297,0.4003076300615458,0.6532993947901433,0.615325108496853,0.6578511411034437,0.6326986882091236,0.7819604702984059,0.6457299595853324,0.7975484120643563,0.7110627097612429
2_11.jpg,Acne vulgaris,7323.28125,11736.0,6620.0390625,9074.0,0.8873791829422077,0.8195183465075508,0.8981939676052655,0.8604558176729309,28.71875,46.023529411764706,25.9609375,35.5843137254902,1.0344625846771824,1.1529703603959653,1.0116649079950297,1.0855731034965945,0.4094723352346453,0.36212301606411995,0.41796823468587807,0.3899596654112717,0.6399002541292239,0.6017665793844985,0.6465046285107927,0.6244675054886937,0.770433989526294,0.6316397608706323,0.7924788213264078,0.7151925008640182
2_12.jpg,Acne vulgaris,7301.3671875,11502.0,6739.5703125,9668.0,0.8877161875634363,0.8231169070833205,0.8963557605803832,0.8513210100575155,28.6328125,45.10588235294118,26.4296875,37.91372549019608,1.0411798636518101,1.1558961544495312,1.0229644530464048,1.1098018937650613,0.4031904204888144,0.3575990879206693,0.409964542821571,0.37662115570549937,0.634972771454662,0.5979958928961547,0.6402847357399448,0.6136946762890316,0.7741333880009925,0.6439522959028208,0.7915124833853637,0.7007242911483631
2_13.jpg,Acne vulgaris,6938.7890625,10226.000000000002,5615.9765625,8676.0,0.8932920822055793,0.8427398271460647,0.9136349066142773,0.8665764463445391,27.2109375,40.10196078431373,22.0234375,34.023529411764706,0.9643019137353493,1.05315658696582,0.920375684345646,1.0130946607933382,0.46422369945603853,0.42884952757501227,0.48063906554119806,0.44575738293658973,0.6813396359056462,0.654866037884858,0.6932813754466494,0.6676506443766753,0.7577280751907264,0.6414600221281571,0.8039148561477627,0.6958055106575289
2_14.jpg,Acne vulgaris,7191.796875,10430.0,5940.703125,9418.0,0.8894012106695783,0.8396026204902654,0.908641110863347,0.8551656260572694,28.203125,40.90196078431372,23.296875,36.93333333333333,1.0392582027728012,1.1314451484823813,0.9971981851506448,1.1047970023609972,0.4031056377054498,0.36703492783141256,0.4184600686935313,0.37784770315028327,0.6349060069848527,0.6058340761556852,0.6468848960159228,0.6146931780573811,0.7781451425846895,0.6781015630255626,0.8167392839854692,0.7093346616083172
2_15.jpg,Acne vulgaris,6365.0390625,9234.0,4398.75,7606.0,0.9021154759250145,0.8579952634330883,0.9323539814843294,0.883031402823486,24.9609375,36.21176470588235,17.25,29.827450980392157,1.0045574264856343,1.0927723087476777,0.9319478101619929,1.0452831711209685,0.41979021130319466,0.38582398814166796,0.44502363170490317,0.40437662065029556,0.6479121941306513,0.6211473159739709,0.6671009156828547,0.6359061413843207,0.8010064076584369,0.7115644753949272,0.8624795455742813,0.7624170890030124
2_16.jpg,Acne vulgaris,6697.734375,10664.000000000002,6062.2265625,8572.0,0.8969991330390921,0.8360040599144958,0.9067722670547166,0.8681758066004368,26.265625,41.819607843137256,23.7734375,33.615686274509805,1.0205717439517796,1.134419508305581,0.9989327749668451,1.078206764722863,0.4113737697227328,0.367042748086864,0.4192292266458513,0.38969764641139265,0.6413842605823227,0.6058405302444398,0.6474791322087927,0.624257676293526,0.7924313941467233,0.6692607748473866,0.8121263332505887,0.7341432259932293
2_17.jpg,Acne vulgaris,7199.765625,10642.0,5761.40625,9462.0,0.8892786635345862,0.8363423861224741,0.9113984214006705,0.8544889736413127,28.234375,41.733333333333334,22.59375,37.10588235294118,1.0410660859511913,1.1387791222493893,0.9923378531694028,1.1079374601317633,0.4016303266960123,0.3631727925304806,0.4193413145071907,0.3757091307708374,0.6337431078094753,0.6026381937203122,0.6475656835466119,0.6129511650782935,0.7785123817879661,0.672648126281675,0.822760876627227,0.7089453646755505
2_18.jpg,Acne vulgaris,7273.4765625,11346.0,6697.734375,9656.0,0.8881451025359087,0.8255159474671669,0.8969991330390921,0.8515055516255037,28.5234375,44.49411764705882,26.265625,37.86666666666667,1.0406325673396588,1.1525860781040471,1.0219120610595227,1.1098558830609888,0.40322290170472297,0.3588364923377738,0.4101746703679173,0.3764321546100404,0.634998347796845,0.5990296255927363,0.6404488038617273,0.6135406707057328,0.7751320152367132,0.6490064853187165,0.7929317543757407,0.7012873807718604
2_2.jpg,Acne vulgaris,5749.453125,7872.0,5026.2890625,7908.0,0.9115822421031587,0.8789407313997478,0.922703394603697,0.8783871066957832,22.546875,30.870588235294118,19.7109375,31.011764705882353,0.8445719666908915,0.9046401739651021,0.8198254037248653,0.905622628629417,0.5463827356252703,0.5235682075964927,0.555661067764652,0.5231489278145616,0.7391770664903439,0.723580132118408,0.7454267688811906,0.7232903482105658,0.7629616504315069,0.6728311522690407,0.792776245335652,0.6713349532702712
2_3.jpg,Acne vulgaris,7572.3046875,11404.0,6476.6015625,9772.0,0.8835495849737027,0.824623996555224,0.9003998160351243,0.8497216498016178,29.6953125,44.721568627450985,25.3984375,38.32156862745098,1.0431769685971441,1.146266665666773,1.0077718870582575,1.1054826461600535,0.4057061145728206,0.3645676847738892,0.41891599028168247,0.38149231255656707,0.6369506374695143,0.6037944060471985,0.6472371978507435,0.6176506395662252,0.7630208723317446,0.642675913706205,0.7973114590766908,0.693811735245268
2_4.jpg,Acne vulgaris,6823.2421875,10562.0,6253.4765625,9230.0,0.8950690156629657,0.8375726632423954,0.9038311358149047,0.8580567772890844,26.7578125,41.41960784313726,24.5234375,36.19607843137255,1.0232681290661463,1.131184959848516,1.0041214742890658,1.0961222572470235,0.4111397143301254,0.36866643660698334,0.4181398539999639,0.382915912653593,0.6412017734926545,0.607179081167149,0.6466373434932163,0.6188019979392382,0.7879886288230565,0.6720491842547206,0.8056923520804598,0.7134078745191319
2_5.jpg,Acne vulgaris,6673.828125000001,10196.0,5679.7265625,8694.0,0.8973667744440685,0.8432011810660351,0.91265452953434,0.8662996339925568,26.171875000000004,39.984313725490196,22.2734375,34.09411764705882,0.9990804114905345,1.101723994746068,0.9650272437458244,1.0614618267996945,0.4300366858600058,0.38927624092765317,0.4424202389480608,0.4056647609435403,0.6557718245396076,0.623920059725325,0.6651467800027756,0.6369181744490734,0.7852210153222365,0.6723129980082527,0.8172134670697601,0.7205854457320272
2_6.jpg,Acne vulgaris,7367.109375,11422.0,6456.6796875,9460.0,0.8867051736997509,0.8243471842032417,0.9007061838726047,0.8545197305693107,28.890625,44.7921568627451,25.3203125,37.09803921568628,1.024113175803342,1.1326078218008673,0.9946463607456446,1.0835692012801892,0.4192221854274799,0.37582546824551105,0.4302468636236664,0.3963087776992879,0.6474736947764596,0.6130460571975902,0.6559320571703036,0.6295306010824954,0.7641214362874347,0.6335730290151472,0.7932713831821461,0.69651557122074
2_7.jpg,Acne vulgaris,7408.9453125,11332.0,6641.953125,9894.0,0.886061801241042,0.8257312459631532,0.8978569629840372,0.8478454771937378,29.0546875,44.439215686274515,26.046875,38.800000000000004,1.0463113945502367,1.1538525281404466,1.0214267339132856,1.1177392113037712,0.4003796175524438,0.35765815490182773,0.4096261691717128,0.372553904370321,0.6327555748884744,0.5980452783040994,0.6400204443388607,0.6103719393700213,0.7715089960600243,0.6503669366576328,0.7951629451100084,0.6947344221047138
2_8.jpg,Acne vulgaris,6942.7734375,10982.0,6353.0859375,8646.0,0.8932308086380832,0.8311137083628088,0.9022992966275029,0.8670378002645096,27.2265625,43.06666666666667,24.9140625,33.90588235294118,1.0003888780612762,1.1108476218592214,0.9810176687904818,1.0502626469101308,0.43327790609005545,0.3894585049579459,0.44049224372461915,0.4145391828565035,0.658238487244597,0.6240661062403132,0.663695897022589,0.6438471735252889,0.7734792716056138,0.6407964968874655,0.7927189087949217,0.7172032882980355
2_9.jpg,Acne vulgaris,7128.046875,11234.0,6729.609375,9636.0,0.8903815877495156,0.8272383354350568,0.8965089444991234,0.851813120905484,27.953125,44.05490196078431,26.390625,37.78823529411765,1.030068435456726,1.1432302564258103,1.017098671299657,1.1028383443430039,0.4102051386673695,0.36545291186470297,0.41502675174887665,0.38214059106300025,0.6404725900984128,0.6045270149999112,0.6442256993856087,0.61817521065067,0.7772815335447598,0.648588930888535,0.7897308609039124,0.6985760137121171
3_1.jpg,Acne vulgaris,6004.453125000001,8840.0,5187.65625,7532.0,0.9076607337834097,0.8640543782487005,0.9202218151201058,0.8841694091594131,23.546875000000004,34.666666666666664,20.34375,29.537254901960786,0.851909112628085,0.9289399369531542,0.8245134225464803,0.8941554504887325,0.5439741630510201,0.5133243342215552,0.554373389760699,0.5283750324048022,0.7375460413093002,0.7164665618307355,0.7445625492601001,0.7268940998555444,0.7519136999060554,0.6317873015085136,0.7856613386049662,0.6862694519187923
3_2.jpg,Acne vulgaris,4964.53125,7652.0,4370.859375,6684.0,0.9236531348998862,0.8823239934795313,0.9327828964568019,0.8972103466305785,19.46875,30.007843137254902,17.140625,26.211764705882356,0.9412814058724384,1.0334807526809455,0.9181212109078541,1.0027512727147085,0.44929758273560655,0.4153664985267991,0.45711673958032967,0.4269710499954104,0.6702966378668526,0.6444893315849372,0.6761040893089832,0.6534302181529489,0.8410023357027675,0.7552477173403297,0.8600157000529179,0.7862095847755833
3_3.jpg,Acne vulgaris,6693.75,10018.0,5990.5078125,8758.000000000002,0.8970604066065881,0.84593854765786,0.907875191269646,0.8653154122966199,26.25,39.286274509803924,23.4921875,34.34509803921569,0.917754632649465,1.005693237902592,0.895071650201359,0.974090455296174,0.4996688491956218,0.4641046383100813,0.5083741557859357,0.47788663591813474,0.7068725834233648,0.6812522574715487,0.7130036155489926,0.6912934513780199,0.7476850689909146,0.6201275124146117,0.7741931554927618,0.6679054455706895
3_4.jpg,Acne vulgaris,7253.5546875,11224.0,6341.1328125,9550.0,0.8884514703733891,0.8273921200750469,0.9024831173299911,0.8531356688093994,28.4453125,44.015686274509804,24.8671875,37.450980392156865,1.0426457318401983,1.1527739981634957,1.0125011127190309,1.110018956635797,0.4011115044018526,0.35749382027230237,0.4122097448622525,0.3750131635113281,0.6333336438259479,0.5979078693848262,0.6420356258512859,0.612383183563468,0.7768020650145149,0.6545647903026832,0.8048780480475698,0.7060846175508397
3_5.jpg,Acne vulgaris,7213.7109375,11024.0,6392.9296875,9272.0,0.8890642060483499,0.83046781287485,0.901686560952542,0.8574108818011257,28.2890625,43.2313725490196,25.0703125,36.36078431372549,1.0203293618683145,1.1243499982745833,0.9935259013310362,1.0796085243088718,0.4201450965937079,0.378900860683962,0.4301263462933427,0.39743457946038857,0.6481860046265331,0.6155492349795928,0.6558401835000222,0.6304241266483926,0.7694683197739612,0.6470278195034823,0.7956983811528975,0.7031242690889231
3_6.jpg,Acne vulgaris,7436.8359375,11538.0,6853.125,9584.0,0.8856328862685696,0.8225632823793559,0.894609463906745,0.8526128010334327,29.1640625,45.24705882352941,26.875,37.5843137254902,1.0031686109737394,1.1096614575848334,0.9848602715370018,1.0621979460706132,0.43833973627556116,0.3951011420946695,0.4453437196818831,0.415390020311296,0.6620723044166409,0.6285707136787949,0.6673407822708598,0.6445075797159379,0.7515727185373694,0.6133746575694946,0.7710715648991564,0.678850989612241
4_1.jpg,Acne vulgaris,7149.9609375,10782.0,6243.515625,9446.0,0.8900445831282873,0.8341894011626119,0.903984319733645,0.854735029065297,28.0390625,42.28235294117647,24.484375,37.043137254901964,1.028722298357353,1.1299867121769929,0.9987078954318985,1.09551239314258,0.41175158883827734,0.3719282905563338,0.4228202686654472,0.38608279493839137,0.6416787271199486,0.6098592383135094,0.6502463138422603,0.6213556106919703,0.7757724850361675,0.6614348509748258,0.8041992109510585,0.7033865333248194
4_2.jpg,Acne vulgaris,7014.4921875,11020.0,6749.53125,9552.0,0.8921278844231539,0.8305293267308462,0.896202576661643,0.8531049118814014,27.5078125,43.2156862745098,26.46875,37.45882352941177,0.9848963636630286,1.092084482008524,0.9764383106301117,1.0558770293369166,0.4477848940874604,0.4047916447715302,0.4509971342339785,0.42022521524489814,0.6691673139712223,0.6362323826806761,0.6715632019653687,0.6482478038874472,0.7634233341048506,0.627085615556151,0.7723596296356813,0.6767624137742608
4_3.jpg,Acne vulgaris,6886.9921875,11286.0,6424.8046875,8702.0,0.8940886385830283,0.8264386553071079,0.9011963724125733,0.8661766062805647,27.0078125,44.258823529411764,25.1953125,34.12549019607844,1.0207695487033002,1.1440833419958438,1.005416553127061,1.0766734646782152,0.4144443895339233,0.36524750209195556,0.4200971282642193,0.3927708488188304,0.6437735545468789,0.604357098156343,0.6481490015916243,0.6267143279188935,0.7842298191394698,0.6467342993931746,0.7987102015402922,0.7276166820236936
4_4.jpg,Acne vulgaris,7486.640625,11614.0,6478.59375,9668.0,0.8848669666748685,0.8213945191154308,0.9003691792513764,0.8513210100575155,29.359375,45.54509803921568,25.40625,37.91372549019608,1.0502056740916066,1.1623004950002853,1.017363100011337,1.1134431168985446,0.3981738886673695,0.35339385091440745,0.4103469223262988,0.37352602508040783,0.6310102128075025,0.5944693860195052,0.6405832672856034,0.6111677552688851,0.7697061332243768,0.6427112441586368,0.8007143015555277,0.7025772609372911
4_5.jpg,Acne vulgaris,7132.03125,10940.0,6054.2578125,8762.0,0.8903203141820195,0.8317596038507674,0.9068948141897089,0.8652538984406237,27.96875,42.90196078431372,23.7421875,34.36078431372549,0.9946799498669254,1.0969157274888501,0.9593357022268362,1.0411249090052452,0.44114477454584783,0.4002680832099445,0.4543583682132474,0.42361426174920735,0.6641873038125976,0.6326674349213373,0.6740611012462056,0.6508565600416173,0.7621846152638813,0.6340910251420661,0.7981226384879707,0.7069383512152452
4_6.jpg,Acne vulgaris,7028.4375,11486.0,6631.9921875,9062.0,0.8919134269369176,0.8233629625073048,0.8980101469027773,0.8606403592409191,27.5625,45.043137254901964,26.0078125,35.53725490196078,1.0339083895610466,1.1577660207303957,1.0208573074130807,1.0953806792876961,0.405144288423473,0.35591201006444595,0.40996028561355613,0.3814100842236616,0.6365094566646068,0.5965836153167852,0.6402814112666055,0.6175840705714984,0.7831515346194214,0.6457639404577374,0.795383066538564,0.7205217506902332
5_1.jpg,Acne vulgaris,7550.390625,11080.0,6086.1328125,9584.000000000002,0.8838865895949313,0.8296066188909053,0.9064046256497402,0.8526128010334328,29.609375,43.450980392156865,23.8671875,37.584313725490205,1.021785204915846,1.1157457648395068,0.9742284300190629,1.0783261947919431,0.4239925862348616,0.3863892512284557,0.44178859336703435,0.4020846444030267,0.6511471310194507,0.6216021647552844,0.6646717937200542,0.6341014464602858,0.7547077755233507,0.639182285095347,0.8022776396368961,0.687899189562618
5_10.jpg,Acne vulgaris,7048.359375,10436.0,6070.1953125,9230.0,0.8916070590994372,0.8395103497062714,0.9066497199197245,0.8580567772890844,27.640625,40.92549019607843,23.8046875,36.19607843137255,0.9865880557062598,1.0788287856466376,0.9545232215701105,1.0480606654646931,0.4468419804732555,0.41026329488214763,0.4588500244422218,0.42320078578596565,0.6684624001940989,0.6405179895070455,0.6773846945733435,0.6505388426419791,0.7625595444340391,0.6472718576893346,0.7955112865716555,0.6880336571936143
5_11.jpg,Acne vulgaris,7078.2421875,10970.0,6426.796875,9146.0,0.8911475073432166,0.8312982499307969,0.9011657356288254,0.8593485682650017,27.7578125,43.01960784313726,25.203125,35.86666666666667,0.995715455139023,1.1006337501966643,0.9745964672178452,1.0545249814545896,0.4394384455873342,0.3975571535568566,0.4473761106004902,0.4169301811431767,0.6629015353635366,0.6305213347356746,0.6688618023183042,0.645701309541166,0.765176113136457,0.6349968208909882,0.786788106101382,0.6956865017200526
5_12.jpg,Acne vulgaris,6954.7265625,10322.000000000002,6060.234375,8984.0,0.8930469879355951,0.8412634946021593,0.9068029038384646,0.8618398794328422,27.2734375,40.478431372549025,23.765625,35.2313725490196,0.9613088017120339,1.051670129930557,0.9322376614602481,1.017722639559045,0.46698482949015996,0.4308500655634623,0.47798762420102836,0.4453175197011885,0.6833628827278813,0.6563917013212935,0.6913664905106613,0.6673211518460871,0.7555321079856423,0.6355930855271523,0.7869746985082569,0.6828297113326813
5_13.jpg,Acne vulgaris,7311.328125,11810.0,6946.7578125,9628.0,0.887563003644696,0.8183803401716236,0.893169535070587,0.8519361486174761,28.671875,46.31372549019608,27.2421875,37.75686274509804,1.0418101970989064,1.1634420334061182,1.0300850747541181,1.1090773230579742,0.4027933596941381,0.35426525053727154,0.4071706096175449,0.3767584380124108,0.6346600347383929,0.5952018569672574,0.6380992161235939,0.6138065151270479,0.7739517919146354,0.6346352566922265,0.7852234055603089,0.7021395640501911
5_14.jpg,Acne vulgaris,7500.5859375,11994.0,7092.1875,9732.0,0.8846525091886321,0.8155507027958048,0.8909330498569803,0.8503367883615784,29.4140625,47.03529411764706,27.8125,38.16470588235294,1.0353144851709892,1.1535684129660884,1.022432715209315,1.0983514106035122,0.41148994208207174,0.363865969037727,0.4163610919628268,0.38702976576749165,0.6414748179640972,0.6032130378545602,0.6452604838069869,0.6221171640193603,0.7628833127985253,0.6202379455069029,0.7757940487550464,0.6918589032577271
5_15.jpg,Acne vulgaris,6918.8671875,11266.0,6570.234375,9268.0,0.8935984500430598,0.8267462245870882,0.8989598871989666,0.8574723956571217,27.1328125,44.180392156862744,25.765625,36.345098039215685,1.0313167645791652,1.153498770103004,1.0197584175246943,1.1020394888102572,0.40559652819078,0.3573074666074223,0.4098458281520329,0.3783310590771804,0.6368646074251418,0.5977520109605842,0.6401920244364443,0.615086220848086,0.7869046375717708,0.653108236485117,0.7976422386155196,0.7146287178895849
5_16.jpg,Acne vulgaris,7476.6796875,11882.0,6962.6953125,9876.0,0.8850201505936087,0.8172730907636945,0.8929244408006028,0.8481222895457201,29.3203125,46.59607843137255,27.3046875,38.72941176470589,1.0442631544000367,1.1619477845323167,1.0278687873323005,1.1126418732627026,0.40326369459012157,0.35612680527895624,0.40941286197766485,0.37665387656626903,0.6350304674502804,0.5967636092113495,0.6398537817170926,0.6137213346187902,0.767702387488069,0.6305009207904579,0.7836716877886494,0.6928822667670899
5_17.jpg,Acne vulgaris,5370.9375,8672.0,4958.5546875,7178.0,0.9174032310152862,0.8666379602005352,0.9237450452511303,0.8896133854150647,21.0625,34.0078431372549,19.4453125,28.149019607843137,0.8745055060814504,0.9767367710255541,0.8597365802266359,0.9344069020683952,0.5157256791445898,0.47496574709310185,0.5210601518008399,0.4923411244100508,0.7181404313534991,0.6891775874860571,0.7218449638259173,0.7016702390796198,0.797800982886077,0.6742896814306968,0.8133259074196757,0.7304025983982404
5_2.jpg,Acne vulgaris,6871.0546875,10802.000000000002,5876.953125,8884.0,0.8943337328530127,0.8338818318826317,0.9096214879432842,0.8633777258327437,26.9453125,42.360784313725496,23.046875,34.83921568627451,1.0049896534297376,1.1162187238488424,0.9714815608289489,1.066253349621177,0.42810198545180933,0.3834277867575554,0.4403927988934545,0.40399425968275005,0.6542950293650482,0.6192154606900214,0.6636209753266201,0.63560542766936,0.7786576956879924,0.6525017006339964,0.810681415563809,0.7142033982996134
5_3.jpg,Acne vulgaris,6058.2421875,9552.000000000002,5321.1328125,8006.0,0.9068335406222126,0.8531049118814014,0.9181691506089872,0.8768800172238798,23.7578125,37.458823529411774,20.8671875,31.39607843137255,0.9135000897125671,1.0160818874213011,0.8880977786974524,0.9746513786954292,0.493927158236916,0.45216109227205525,0.5032791802957396,0.46951672903731906,0.7027995149663352,0.6724292470379729,0.709421722458327,0.6852129078157526,0.7790057836721439,0.6523307507818425,0.8058942611602422,0.7086013390661046
5_4.jpg,Acne vulgaris,6769.453125,10646.0,6438.75,9078.0,0.8958962088241627,0.836280872266478,0.9009819149263372,0.8603943038169348,26.546875,41.74901960784314,25.25,35.6,1.000218340966653,1.1087393481291004,0.989286071071048,1.0680668241196176,0.4306248240047397,0.38803146655953014,0.43467755837973976,0.40483084159657634,0.6562201033226122,0.6229217178422423,0.6593008102374361,0.6362631857938791,0.7813406745032554,0.6553603375422394,0.792022678044297,0.7061207161570965
5_5.jpg,Acne vulgaris,7052.34375,10198.0,5643.8671875,8900.0,0.8915457855319411,0.8431704241380371,0.9132059916418049,0.8631316704087596,27.65625,39.9921568627451,22.1328125,34.90196078431372,0.9891044132049149,1.0755697910064255,0.9420522628435652,1.0416842914234101,0.44474068717560555,0.41066479378809295,0.46217197956465067,0.42476359049790247,0.6668888117037244,0.6408313302173146,0.6798323172405463,0.6517388974872549,0.7634891016786114,0.6568974789380024,0.8107244703546628,0.7005675193712709
5_6.jpg,Acne vulgaris,7576.2890625,11738.0,6382.96875,9706.0,0.8834883114062067,0.8194875895795528,0.9018397448712823,0.8507366284255529,29.7109375,46.03137254901961,25.03125,38.062745098039215,1.050324934818997,1.1626660912809463,1.0114856376085783,1.1120232166045079,0.3994824045101343,0.3542438289121047,0.4138944611334883,0.37518785514281094,0.632046204410828,0.595183861434519,0.6433462995413033,0.6125257995732187,0.7658394710034636,0.6373935342516959,0.8027214475664206,0.7001654151854626
5_7.jpg,Acne vulgaris,7287.421875,11156.0,6175.78125,9456.0,0.8879306450496725,0.82843785562698,0.9050259703810783,0.8545812444253067,28.578125,43.74901960784314,24.21875,37.082352941176474,1.0416953007019196,1.149340699388543,1.0048153179833572,1.1057317398911857,0.4025076198907872,0.35966185731953865,0.4160636252432958,0.3775184383730801,0.6344348823092778,0.5997181482325998,0.6450299413541172,0.6144252911242181,0.774949190726985,0.6556361203837187,0.80927897519236,0.7081117922506671
5_8.jpg,Acne vulgaris,6388.9453125,9776.0,5610.0,8522.0,0.9017478345200383,0.8496601359456218,0.9137268169655215,0.8689447298003876,25.0546875,38.33725490196078,22.0,33.41960784313726,0.9820465190351414,1.0829437584519124,0.955084349201063,1.0487964302173163,0.4402030497209607,0.4003526571937775,0.4499717224895473,0.4142107898346258,0.6634779949033431,0.6327342706016306,0.6707993161069467,0.6435920989529205,0.791480709299071,0.6814163009005177,0.8169035476726487,0.7222820904535815
5_9.jpg,Acne vulgaris,6506.484375,9514.0,5530.3125,8400.0,0.8999402642789038,0.853689293513364,0.9149522883154431,0.8708209024082675,25.515625,37.30980392156863,21.6875,32.94117647058823,0.931412809522976,1.0146769602348327,0.8986511621672683,0.9852567229790408,0.48564771887615343,0.4529256519651079,0.49788105085784307,0.46533779558064864,0.6968842937505145,0.6729975125994954,0.7056068670710647,0.6821567236204952,0.7641751013959389,0.6534255223340618,0.7995560567896897,0.694006137019773
6_1.jpg,Acne vulgaris,6851.1328125,10524.0,6078.1640625,8528.0,0.894640100690493,0.8381570448743579,0.9065271727847323,0.8688524590163935,26.8671875,41.27058823529412,23.8359375,33.44313725490196,0.960347261664177,1.0590265796133282,0.9351054921725681,1.0077610935667771,0.46629451553714324,0.42675714214551796,0.47581815878733547,0.4484592871076558,0.6828576100016337,0.6532665169328044,0.6897957370028721,0.6696710290192162,0.7602395838141824,0.6301447919722725,0.787290191979375,0.7002921689414233
6_2.jpg,Acne vulgaris,6592.1484375,11068.0,6550.3125,8862.0,0.898622882577738,0.8297911604588933,0.899266255036447,0.8637160520407222,25.8515625,43.40392156862745,25.6875,34.75294117647059,1.0200145451176688,1.1482355278166236,1.0186092932768611,1.0902225876164768,0.4100076682308187,0.3597002050936846,0.4105210140218005,0.3832275639999462,0.6403184115975572,0.5997501188775911,0.6407191381735062,0.6190537650317185,0.7967920502320648,0.6589360751299683,0.7980816745732937,0.7269146636973057
6_3.jpg,Acne vulgaris,5486.484375,8294.0,4942.6171875,6712.0,0.9156262975578999,0.8724510195921631,0.9239901395211146,0.8967797496386061,21.515625,32.52549019607843,19.3828125,26.32156862745098,0.8456675323071042,0.9267051142506773,0.826637867947157,0.8816412995445226,0.5416320157811899,0.5104678919074244,0.5486545223366613,0.5291825010964197,0.7359565311763936,0.7144703576128434,0.7407121723967154,0.7274493117024854,0.7786084606083337,0.6627870349078684,0.800554680744109,0.7271071350737417
6_4.jpg,Acne vulgaris,6418.828125,9856.0,6141.9140625,8802.0,0.9012882827638176,0.8484298588257005,0.905546795704795,0.8646387598806631,25.171875,38.65098039215686,24.0859375,34.51764705882353,0.9388397419886767,1.0344313467804813,0.9297002043609119,1.007149677377218,0.4780512359278883,0.4403976552359642,0.48148719374008797,0.4519558201448856,0.6914124933264428,0.663624634289569,0.6938927825969139,0.6722765949703184,0.7720142415657354,0.6483270652937543,0.7818497538011056,0.6859349460953352
6_5.jpg,Acne vulgaris,7518.515625,12410.0,7100.15625,9236.0,0.8843767781348999,0.8091532617722142,0.8908105027219881,0.8579645065050903,29.484375,48.666666666666664,27.84375,36.219607843137254,1.0467931303217368,1.1752298775486691,1.033529962821485,1.096729266825069,0.4016911276612361,0.3499094084566002,0.40667852358467893,0.3824725080008709,0.633791075719149,0.5915314095266626,0.6377135121546971,0.6184436174792904,0.7669099935323923,0.6149620015098813,0.7798800256887775,0.7134398908900293
6_6.jpg,Acne vulgaris,6510.46875,9374.0,5582.109375,8584.0,0.8998789907114078,0.8558422784732261,0.914155731937994,0.8679912650324486,25.53125,36.760784313725495,21.890625,33.66274509803922,0.912988008649462,0.9910387187530706,0.8822439360681262,0.9705496402785203,0.5010758951635188,0.4702014131435267,0.5126977961451123,0.4789953407740583,0.7078671451363729,0.6857123399382038,0.7160291866572984,0.6920948928969627,0.7550974515542132,0.6452938405147602,0.7900192959776333,0.6751869348174421
6_7.jpg,Acne vulgaris,7436.8359375,10958.0,5912.8125,9170.000000000002,0.8856328862685695,0.831482791498785,0.9090700258358195,0.8589794851290253,29.1640625,42.97254901960784,23.1875,35.9607843137255,0.9935855102705138,1.085775689065565,0.9442007844169451,1.0411065207002703,0.44650148596318123,0.4092696399707858,0.46512726146869593,0.42825523073150384,0.6682076667946734,0.6397418541652452,0.6820023911018904,0.6544121260578106,0.7470889569604435,0.626018078967039,0.7989177670127503,0.6870401336126798
7_1.jpg,Acne vulgaris,6659.8828125,10348.000000000002,6026.3671875,8626.0,0.8975812319303048,0.8408636545381848,0.9073237291621813,0.8673453695444899,26.1171875,40.58039215686275,23.6328125,33.82745098039215,1.0103428402532475,1.1164677766270055,0.9888066198912144,1.0700953649984968,0.4198354763454861,0.37865633780873625,0.4276773520663627,0.39741109693562693,0.6479471246525338,0.6153505812207674,0.6539704519826279,0.6304055019871154,0.7902228836009562,0.6735815546079313,0.8101777513888401,0.7279005112145356
7_2.jpg,Acne vulgaris,6233.5546875,9058.0,5195.625,8200.0,0.9041375036523851,0.8607018730969151,0.9200992679851137,0.8738965952080706,24.4453125,35.521568627450975,20.375,32.15686274509804,0.9576189575673926,1.040814839319794,0.9211767844602541,1.0169231520967883,0.4589345922767084,0.4272681085454815,0.47209102456086605,0.43696102640557166,0.6774471140072178,0.6536574856493892,0.6870888039845112,0.6610302764666469,0.7890277332048888,0.6923826473411444,0.8241560652599395,0.7215210541176179
7_3.jpg,Acne vulgaris,6841.171875,10580.0,6118.0078125,8810.0,0.8947932846092332,0.837295850890413,0.9059144371097715,0.864515732168671,26.828125,41.49019607843137,23.9921875,34.549019607843135,1.0129867825081382,1.1186201262348736,0.9887069596643171,1.071769616250458,0.4205678461258891,0.3792726721349447,0.4294727416663663,0.3983760690628409,0.6485120246579004,0.6158511769372084,0.6553416984034866,0.6311703962186763,0.7832063989633063,0.6641720902402177,0.8061231366384141,0.7203550203229033
7_4.jpg,Acne vulgaris,6462.65625,9896.0,5934.7265625,8808.0,0.9006142735213607,0.8478147202657399,0.908733021214591,0.864546489096669,25.34375,38.807843137254906,23.2734375,34.54117647058823,1.0114407743971694,1.1133348176705824,0.9932176509529005,1.0835997595941658,0.4153808856569589,0.3762992381748894,0.4219518493863538,0.3882184105394651,0.6445004931394226,0.6134323419700737,0.6495782088296633,0.6230717539252322,0.7992621478901036,0.6923477795646148,0.8156602769927925,0.726172114228489
7_5.jpg,Acne vulgaris,7307.34375,11194.0,6610.078125,9726.0,0.887624277212192,0.8278534739950174,0.8983471515240058,0.8504290591455725,28.65625,43.898039215686275,25.921875,38.141176470588235,1.0374286017051975,1.1441182201117035,1.014760384094846,1.1070305917111947,0.40660351534340755,0.3643397990392303,0.41503148250147176,0.3796525479139496,0.6376546991463385,0.6036056651815243,0.64422937103292,0.6161595149910043,0.7723529447181817,0.6509166741358463,0.7940749919778972,0.696696049012439
7_6.jpg,Acne vulgaris,5703.6328125,8428.0,4765.3125,6950.0,0.9122868881293638,0.8703903054162949,0.9267168132746901,0.8931196752068403,22.3671875,33.050980392156866,18.6875,27.254901960784313,0.8957438920148149,0.9764092159108815,0.8621622753800421,0.93353341195538,0.50327237702296,0.47274962491136624,0.5153792880893167,0.4901039098173136,0.7094169274995911,0.6875679056728624,0.7178992186158978,0.7000742173636404,0.7895056643230789,0.6872590681532126,0.8241346661057647,0.7421037640798324
8_1.jpg,Acne vulgaris,7233.6328125,11314.0,6064.21875,8952.0,0.8887578382108695,0.8260080583151356,0.9067416302709685,0.8623319902808108,28.3671875,44.36862745098039,23.78125,35.10588235294118,1.0420836776068558,1.1550325436289295,1.0029946434878665,1.0935917338851084,0.40128380892415183,0.3565096312142093,0.4155900693993897,0.3815130587250844,0.6334696590399195,0.5970842748006426,0.6446627563303077,0.6176674337579118,0.7774443833202493,0.6518505315494771,0.8134234929294516,0.7245329643301148
8_2.jpg,Acne vulgaris,6540.3515625,10278.0,5831.1328125,7850.0,0.8994194389551872,0.8419401470181158,0.9103261339694891,0.8792790576077263,25.6484375,40.305882352941175,22.8671875,30.784313725490197,0.9349647027250594,1.0361397902239335,0.9114716124100887,0.972333172968211,0.48315962976604554,0.442643382569121,0.4919913816763684,0.4695731760224124,0.6950968491987614,0.665314498992109,0.7014209732224782,0.6852540959544952,0.7640994372032021,0.6274558742817123,0.7896798820267357,0.7154629901840283
8_3.jpg,Acne vulgaris,7636.0546875,11648.0,6345.1171875,9778.0,0.8825692078937656,0.8208716513394642,0.9024218437624949,0.8496293790176237,29.9453125,45.67843137254902,24.8828125,38.345098039215685,1.0531705421972593,1.1610421001734017,1.0111631351078092,1.1143980174446086,0.39790556910953717,0.35474349418442996,0.4134898846372188,0.37402573103149483,0.6307975658716013,0.5956034705946818,0.6430317913114552,0.6115764310627861,0.7644055202357403,0.6404530272716267,0.8042346939605617,0.6981756267738639
8_4.jpg,Acne vulgaris,5323.125,7564.0,4253.3203125,6818.0,0.9181385138252391,0.8836772983114447,0.9345904666979361,0.8951496324547105,20.875,29.662745098039217,16.6796875,26.73725490196078,0.8038968094656178,0.8679155990074727,0.7656901557626752,0.8467644708466966,0.5730542006267122,0.5487382652488817,0.5870834361145653,0.5576733264244477,0.757003435016455,0.7407686988857465,0.7662137013357078,0.7467752850921404,0.767292958145394,0.6661837533167252,0.8140608030091377,0.699106402711982
8_5.jpg,Acne vulgaris,5998.4765625,8558.0,4588.0078125,7392.0,0.9077526441346537,0.868391105096423,0.9294434870282655,0.8863223941192754,23.5234375,33.56078431372549,17.9921875,28.988235294117647,0.8772167846915753,0.949273056363241,0.8277599948528267,0.9169837964084198,0.5232992221666546,0.49541908765164544,0.5414589368797457,0.5089522140140404,0.7233942370289209,0.70386013358596,0.7358389340608077,0.7134088687520225,0.7652474994135788,0.6627880869917082,0.8204466925106184,0.7087321265532492
8_6.jpg,Acne vulgaris,7295.390625,10976.0,6084.140625000001,9266.0,0.8878080979146803,0.8312059791468028,0.9064352624334882,0.8575031525851199,28.609375,43.043137254901964,23.859375000000004,36.33725490196078,1.0199959276938284,1.119992967167795,0.9801375410413988,1.0763438908518872,0.4217075693731077,0.3819974916931515,0.4365022396922158,0.40010874781104067,0.6493901518910706,0.6180594564385788,0.6606831613505946,0.6325414988844927,0.7656217698498191,0.6466458939505921,0.8045354683564575,0.7016965063179835
8_7.jpg,Acne vulgaris,5026.2890625,8142.0,4520.2734375,6720.0,0.922703394603697,0.8747885461200136,0.930485137675699,0.8966567219266139,19.7109375,31.929411764705883,17.7265625,26.35294117647059,0.8342840321752905,0.9325642361380242,0.8157630697241693,0.8915071014170258,0.5436978129467933,0.5045089868578924,0.5503371914310302,0.5213792701798512,0.7373586732023929,0.710287960518755,0.7418471482933868,0.7220659735646399,0.7992157352289462,0.6755760458179659,0.8194294503505664,0.7322366774621384
9_1.jpg,Acne vulgaris,7315.3125,11564.0,6592.1484375,8962.0,0.8875017300771999,0.8221634423153815,0.8986228825777381,0.8621782056408206,28.6875,45.34901960784314,25.8515625,35.14509803921568,1.0062032319166514,1.117782274187976,0.983087060100469,1.052761303862369,0.43396102958072014,0.388889324411795,0.44270373915306016,0.4162733203640217,0.6587571856008253,0.6236099136574041,0.6653598568842729,0.6451924676900852,0.7586847846727784,0.6174661598393214,0.7825402920703224,0.7035395818471116
9_2.jpg,Acne vulgaris,6088.125000000001,9048.000000000002,5293.2421875,7728.0,0.9063739888659921,0.8608556577369053,0.9185980655814598,0.881155230215606,23.875000000000004,35.48235294117647,20.7578125,30.305882352941175,0.8947719064643538,0.9778183897579769,0.8676863908978598,0.942041384093263,0.5100926326412919,0.4776387920477161,0.520177276505731,0.49270144694887863,0.714207695730935,0.6911141671588827,0.7212331637589408,0.7019269527157926,0.7688473721694348,0.6543601210514752,0.7990273127795119,0.7047850370784483
9_3.jpg,Acne vulgaris,6968.671875,10876.0,6353.0859375,9458.0,0.8928325304493587,0.8327438255467045,0.9022992966275027,0.8545504874973088,27.328125,42.65098039215686,24.9140625,37.090196078431376,1.0335555268175494,1.1445684760342982,1.0130062854595505,1.1077958263813197,0.40444743730250987,0.3607929917825059,0.41197485032424425,0.37578071214735526,0.6359618206327404,0.6006604629759694,0.6418526702633901,0.6130095530636984,0.7856054496154441,0.6654314849679449,0.8045442478055035,0.7090521317420763
9_4.jpg,Acne vulgaris,5649.84375,8146.0,4860.9375,7348.0,0.9131140812905607,0.8747270322640175,0.9252462476547842,0.886999046535232,22.15625,31.945098039215686,19.0625,28.815686274509805,0.8339235491407362,0.9041289914989974,0.8067075699147397,0.8822205494008838,0.5535809136096994,0.5264197798114203,0.5637521668536442,0.5357677919103955,0.7440301832652352,0.7255479169644279,0.7508343138493633,0.7319616054892466,0.7633023739243777,0.6558373752860418,0.7963532413171657,0.689552299730154
9_5.jpg,Acne vulgaris,6151.875000000001,9904.0,6000.46875,8116.000000000001,0.9053936117860548,0.8476916925537477,0.9077220073509058,0.875188386183988,24.125000000000004,38.83921568627451,23.53125,31.82745098039216,0.9666187754505671,1.075830563873252,0.9614324874690608,1.0269720909314861,0.44966996617887367,0.40754683339046394,0.4515632434039793,0.42742383394078026,0.6705743554438044,0.6383939484287613,0.6719845559266815,0.6537765932952787,0.7963990229705096,0.6712774543533195,0.8014099278455878,0.7306227604535076
9_6.jpg,Acne vulgaris,6410.859375,9626.0,5386.875,7800.0,0.9014108298988097,0.8519669055454742,0.9171581367453018,0.880047980807677,25.140625,37.74901960784314,21.125,30.588235294117645,0.9147086998538366,1.00265557310881,0.88025545952621,0.9540296632837507,0.49822884799791545,0.4633138412886772,0.511119258987679,0.48386980679509745,0.705853276536927,0.6806716104618123,0.7149260514120876,0.6956075091566346,0.7612241569380428,0.6394352229060141,0.7993629957614877,0.7078324058453053
10_1.jpg,Rosacea,7261.5234375,11066.0,6289.3359375,9472.0,0.888328923238397,0.8298219173868915,0.9032796737074401,0.8543351890013227,28.4765625,43.39607843137255,24.6640625,37.14509803921568,1.042705204908659,1.1487025268499864,1.0105337791641036,1.1076665592470711,0.40118923000994205,0.35929286925843,0.413024506706405,0.3760639370803617,0.6333950031457006,0.5994104347260147,0.6426698271324125,0.6132405213946333,0.7764795243459448,0.6592896460646656,0.8064048994129349,0.7083672083430791
10_2.jpg,Rosacea,7153.9453125,10810.0,6024.375,9232.0,0.8899833095607911,0.8337588041706394,0.9073543659459293,0.8580260203610863,28.0546875,42.3921568627451,23.625,36.20392156862745,1.0381308662861781,1.1410786593260598,1.0002269380108584,1.099788578853814,0.403482184492593,0.36301648391525987,0.41733294107509733,0.3798043189551944,0.635202475194007,0.6025084928158772,0.6460131121541554,0.6162826615727514,0.7793469414206721,0.6664295580169488,0.8141868980384608,0.7151228195756218
10_3.jpg,Rosacea,7630.078125,11634.0,6496.5234375,9730.0,0.8826611182450097,0.8210869498354505,0.9000934481976441,0.8503675452895765,29.921875,45.62352941176471,25.4765625,38.15686274509804,1.0416627727524261,1.147967669302847,1.0052066907907822,1.1008171291290614,0.4079137460839881,0.3652753008225476,0.4215591335626623,0.38493604266894654,0.6386812554662835,0.6043800963156775,0.6492758532108385,0.6204321418728616,0.7598009695468454,0.6332337972187054,0.7954858907812696,0.6932581095872447
11_1.jpg,Rosacea,7271.484375,10390.0,5241.4453125,8948.0,0.8881757393196568,0.840217759050226,0.9193946219589088,0.8623935041368069,28.515625,40.74509803921569,20.5546875,35.090196078431376,1.0361464668783253,1.1241158660650947,0.9663286294051898,1.0856176795678238,0.40715975751513833,0.3727339712744676,0.43237149717806855,0.38831503773502074,0.6380907126068662,0.6105194274341051,0.6575496157538749,0.6231492900862687,0.7734111357410778,0.6759013116811874,0.8366697803108974,0.7208820921004105
11_2.jpg,Rosacea,7843.2421875,11882.0,6789.375,10276.0,0.8793829823839694,0.8172730907636945,0.8955898409866823,0.8419709039461138,30.7578125,46.59607843137255,26.625,40.29803921568627,1.037028624872305,1.1412654575217047,1.0039896062303135,1.1029702778422275,0.4150796807981004,0.37279366972245176,0.4276396928352376,0.38907567571163076,0.6442667776613198,0.6105683169985581,0.6539416585867868,0.6237593091182133,0.7481073778793554,0.617613665253297,0.7819532496349615,0.6692979316733614
11_3.jpg,Rosacea,7564.3359375,11540.0,6647.9296875,9748.0,0.883672132108695,0.822532525451358,0.897765052632793,0.8500907329375942,29.6640625,45.25490196078431,26.0703125,38.227450980392156,1.0285474161856654,1.1334807685173476,0.9993551702249722,1.0894016803385578,0.41834627250486595,0.3761522374279789,0.4293591266354888,0.3946886750593219,0.6467969329742265,0.6133125120425792,0.6552550088595194,0.6282425288527687,0.757067893895297,0.6286249325704385,0.7864986994808023,0.6862942671314242
11_4.jpg,Rosacea,6231.5625,8982.0,5277.3046875,8106.0,0.9041681404361332,0.8618706363608403,0.9188431598514442,0.875342170823978,24.4375,35.2235294117647,20.6953125,31.788235294117648,0.9056220255115566,0.9827749388074394,0.8731685816278846,0.9592136710726704,0.5031820661111411,0.4731625621175187,0.5152599187174104,0.4830940481443197,0.7093532731376808,0.6878681284356172,0.7178160758282099,0.6950496731488475,0.7663562576134927,0.6612649759529295,0.8021348230237028,0.6943012575233185
11_5.jpg,Rosacea,7385.0390625,11724.0,6815.2734375,9758.0,0.8864294426460184,0.819702888075539,0.8951915627979576,0.849936948297604,28.9609375,45.976470588235294,26.7265625,38.266666666666666,1.0468491534866247,1.16465424305138,1.028456734231348,1.1156409032078316,0.3995191992525411,0.3524875191143619,0.40636793231194135,0.3727336080036646,0.6320753113771658,0.5937065934570391,0.6374699462029103,0.6105191299244149,0.7727677555171037,0.6391986470926693,0.790299026604805,0.6997015010517116
11_6.jpg,Rosacea,7295.390625,11788.0,6522.421875,9184.0,0.8878080979146802,0.818718666379602,0.8996951700089195,0.8587641866330391,28.609375,46.227450980392156,25.578125,36.015686274509804,1.0281064804710605,1.1496597877589165,1.0030004206490335,1.0843237997146136,0.41461655795322105,0.3652580478244475,0.42397777118851526,0.3923884197380093,0.6439072588138924,0.6043658228461033,0.651135754807333,0.6264091472336665,0.7690430473866812,0.6272341993735029,0.7935136365767324,0.7095791387042968
11_7.jpg,Rosacea,7283.4375,11060.0,6193.7109375,9386.0,0.8879919186171685,0.8299141881708855,0.904750239327346,0.8556577369052378,28.5625,43.372549019607845,24.2890625,36.807843137254906,1.0436549621264768,1.1488735490186297,1.0074834281240723,1.1056284464135966,0.40070422321042387,0.3590906139817575,0.41398940142463236,0.3767398151806576,0.6330120245385737,0.5992416991346292,0.643420081614362,0.6137913449867615,0.7759051720577992,0.6596536740309613,0.8094335831312083,0.7111672137843222
12_1.jpg,Rosacea,7271.484375,10996.0,6106.0546875,9148.0,0.8881757393196568,0.8308984098668225,0.9060982578122596,0.8593178113370037,28.515625,43.12156862745098,23.9453125,35.87450980392157,1.017659399899734,1.1187260080553356,0.9793401642646203,1.0714438974772522,0.42337453405841513,0.3832123156133868,0.4376100866779003,0.40282801377224414,0.6506723707507605,0.6190414490269507,0.661521040238253,0.634687335443401,0.7657135600250508,0.6449477413393698,0.8032635784867892,0.7046182191499232
12_2.jpg,Rosacea,6201.6796875,8906.0,5289.2578125,8066.0,0.9046276921923537,0.8630393996247655,0.9186593391489559,0.8759573093839387,24.3203125,34.92549019607843,20.7421875,31.63137254901961,0.8575433091054019,0.9298585436422673,0.8273720322518536,0.9081114734012385,0.5420531025101523,0.5131375018717109,0.5536053150005407,0.5226838896287043,0.7362425568453322,0.7163361654081908,0.744046581203449,0.722968802666273,0.7433907517194847,0.6284835993827915,0.7811443770688185,0.6635244456121262
12_3.jpg,Rosacea,5799.257812500001,8290.0,4617.890625,7266.0,0.9108163225094579,0.8725125334481592,0.928983935272045,0.8882600805831513,22.742187500000004,32.509803921568626,18.109375,28.494117647058825,0.8398341959352614,0.9089809655557721,0.7988494262185077,0.8809147078708717,0.5508990509021471,0.5239641268899475,0.5661564066592477,0.5359445557936859,0.7422257412015208,0.7238536640025715,0.7524336559851956,0.7320823422222981,0.7575635963854978,0.6505224036639079,0.8069503319895514,0.6936906857686314
12_4.jpg,Rosacea,7157.9296875,10542.0,5847.0703125,8962.0,0.8899220359932949,0.8378802325223756,0.9100810396995049,0.8621782056408206,28.0703125,41.34117647058824,22.9296875,35.14509803921568,0.9547585575311615,1.0428577894337092,0.9124417984015564,1.0035215795494459,0.47529885121557813,0.4395127478991386,0.4914263021959704,0.4565228985214186,0.6894192129724687,0.6629575762438639,0.701018046983079,0.6756647826558808,0.7420445495083128,0.61822020965652,0.7892849298098799,0.6754400985526212
12_5.jpg,Rosacea,6705.703125,9782.0,5492.4609375,8530.0,0.8968765859040999,0.8495678651616276,0.9155343872066557,0.8688217020883955,26.296875,38.36078431372549,21.5390625,33.450980392156865,0.9353485125446905,1.01874671505526,0.8949567474701702,0.9862577818196865,0.4852345106336806,0.4520915339544236,0.5003924924270413,0.4659234188607257,0.6965877623341373,0.6723775233858011,0.7073842607996317,0.6825858325959642,0.755787253027365,0.6419118728515851,0.7999719122389916,0.687743638869763
12_6.jpg,Rosacea,6976.640625,10362.0,6223.59375,9434.0,0.8927099833143666,0.8406483560421987,0.9042906875711254,0.854919570633285,27.359375,40.63529411764706,24.40625,36.99607843137255,0.9917431841862827,1.0851220199590892,0.9670412389416563,1.061416366935212,0.4413112350868656,0.4045024930375314,0.45054116993764426,0.4144291780244223,0.6643126034382199,0.6360051045687695,0.6712236363073371,0.643761740106091,0.7682227837834412,0.6547318063431072,0.7932404273385122,0.6856533353639137
12_7.jpg,Rosacea,6948.75,10140.0,5737.5,8812.0,0.8931388982868391,0.84406237504998,0.911766062805647,0.8644849752406729,27.25,39.76470588235294,22.5,34.55686274509804,0.9522719321986066,1.0376178686007953,0.9125578020959493,1.0037276471675767,0.47450223471741637,0.4403524526174462,0.48949550653594776,0.4548229628654048,0.6888412260582378,0.6635905760462895,0.6996395547251083,0.674405636739051,0.7515135785548038,0.635675274975935,0.7948277254122232,0.6833895979376665
12_8.jpg,Rosacea,6697.734375,9482.0,5103.984375,8189.999999999999,0.8969991330390921,0.8541814043613324,0.9215085600375235,0.8740503798480608,26.265625,37.18431372549019,20.015625,32.11764705882353,0.9182458723551947,0.9930354211721705,0.8647627656268595,0.9591488050712276,0.49931815634686777,0.4695684922886992,0.5193795510027694,0.4840378512330971,0.7066244804327598,0.6852506784299445,0.7206799227138004,0.6957282883662969,0.7477216461414281,0.6407242165986604,0.807752188404027,0.6896784785850062
13_1.jpg,Rosacea,7209.7265625,11172.0,6203.671875,9120.0,0.8891254796158459,0.8281918002029958,0.9045970554086058,0.8597484083289761,28.2734375,43.81176470588235,24.328125,35.76470588235294,1.0406132497042286,1.1507466284836307,1.00715134701339,1.097466646503999,0.40219709807751225,0.35865720258718103,0.41447737620821923,0.38036644457422625,0.6341901119360915,0.5988799567419009,0.643799173817596,0.6167385544736329,0.77790116981898,0.6557248272571615,0.8088931314772876,0.7189590426589072
13_2.jpg,Rosacea,6990.5859375,10768.0,6064.21875,8818.0,0.8924955258281304,0.8344046996585981,0.9067416302709685,0.8643927044566788,27.4140625,42.227450980392156,23.78125,34.58039215686274,1.0177569780983267,1.123174611119582,0.9867682818827761,1.0719122418913432,0.41882721404853307,0.37740116244883193,0.4302133611659278,0.39835688571559075,0.6471686133060943,0.6143298482483428,0.6559065186182614,0.6311551993888593,0.7784403133567459,0.6581548996277409,0.8078006024103547,0.7200603552114988
13_3.jpg,Rosacea,7020.468750000001,10388.0,6050.2734375,9298.0,0.8920359740719097,0.840248515978224,0.9069560877572048,0.8570110417371514,27.531250000000004,40.73725490196079,23.7265625,36.46274509803922,1.0287672910834291,1.1248015662505428,0.9961634588883367,1.096045975081542,0.4095822149421197,0.3721400258765408,0.4215034045461781,0.38382795887365356,0.6399861052727002,0.6100328072133013,0.649232935506339,0.6195385047546711,0.7814940541347827,0.6763673260882244,0.8116905341678022,0.7103257025383432
13_4.jpg,Rosacea,7275.46875,11104.0,6492.5390625,9558.0,0.8881144657521607,0.8292375357549289,0.90015472176514,0.8530126410974072,28.53125,43.54509803921568,25.4609375,37.482352941176465,0.9935234576103046,1.0945550364141985,0.9685224236344698,1.0565323748876612,0.44425433624161986,0.4035318301407453,0.4537454058197268,0.41975253323589345,0.6665240702642478,0.6352415525929843,0.673606269136301,0.6478831169554378,0.7548359929587225,0.6245797269317253,0.7812186476047309,0.6768491561611518
13_5.jpg,Rosacea,6912.890625,10212.0,5771.3671875,8704.0,0.8936903603943038,0.8429551256420509,0.9112452374819303,0.8661458493525667,27.109375,40.04705882352941,22.6328125,34.13333333333334,0.9622078386721187,1.0514203450493524,0.9245405128703396,1.0125082529338227,0.4656204550983996,0.43010128828396976,0.479751165229419,0.4465460022252111,0.6823638729434609,0.6558210794751643,0.6926407187203327,0.6682409761644456,0.7580372168945947,0.6410472980734431,0.7979924545658906,0.6940536312604043
13_6.jpg,Rosacea,6622.03125,10012.0,5221.5234375,8224.0,0.8981633308215176,0.846030818441854,0.9197009897963891,0.8735275120720942,25.96875,39.26274509803921,20.4765625,32.25098039215686,1.0180203884854961,1.1185544662309566,0.968518497931807,1.0687775001988302,0.4123261453114487,0.373223627679355,0.4299412387025123,0.3930092883271318,0.6421262689778768,0.6109203120533439,0.6556990458301066,0.6269045288775092,0.794766482462716,0.6898936370008573,0.838171766105529,0.7452741980318668
13_7.jpg,Rosacea,7092.1875,11096.0,6353.0859375,9298.0,0.8909330498569803,0.8293605634669209,0.9022992966275027,0.8570110417371513,27.8125,43.51372549019607,24.9140625,36.46274509803922,1.0326060362264082,1.1449663354223143,1.0081116167726916,1.0985845425524492,0.40736665472714817,0.362684210801719,0.41638283183601255,0.38166287245567426,0.6382528141161213,0.602232688254066,0.6452773293987729,0.6177886956360357,0.7798642129966208,0.6558195597296558,0.8028053301253437,0.711590687307709
14_1.jpg,Rosacea,6823.2421875,10344.0,5916.796875,8902.000000000002,0.8950690156629656,0.8409251683941807,0.9090087522683234,0.8631009134807617,26.7578125,40.56470588235294,23.203125,34.90980392156863,0.9963328530061999,1.095080768823988,0.9658857817164855,1.0571991623599666,0.4349032575173912,0.3962327963943717,0.4461120201852954,0.4118452384785021,0.6594719535487398,0.6294702506031336,0.6679161775142861,0.6417516953452496,0.7772959107604125,0.6615344701416221,0.8068814175061095,0.7087180832560636
14_2.jpg,Rosacea,6791.3671875,11450.0,6859.1015625,9142.0,0.8955592042029341,0.8239165872112694,0.8945175535555009,0.8594100821209978,26.6328125,44.90196078431372,26.8984375,35.85098039215686,1.024076915706967,1.153978110262988,1.026305032157616,1.0947980746542543,0.40986944390003244,0.35868309083499517,0.4090464506402285,0.3829369426274253,0.640210468439897,0.5989015702392132,0.6395673933529042,0.6188189901961844,0.7896835168710884,0.6451572906399645,0.7875859045430207,0.7166836638454634
14_3.jpg,Rosacea,6817.265625,9782.0,5524.3359375,8938.0,0.8951609260142097,0.8495678651616276,0.9150441986666872,0.8625472887767971,26.734375,38.36078431372549,21.6640625,35.050980392156866,1.0045462974041033,1.0899010555012634,0.9602031411286944,1.0671657096726483,0.4276104048773308,0.3946475398439751,0.4437201239832637,0.40389046876803814,0.6539192648005798,0.628209789675372,0.6661232048076869,0.6355237751398748,0.7809157406355081,0.6849860543327881,0.8224662036184289,0.7121657486839563
14_4.jpg,Rosacea,5739.4921875,8136.000000000001,4821.09375,7446.0,0.9117354260218988,0.8748808169040077,0.925858983329745,0.8854919570633285,22.5078125,31.905882352941177,18.90625,29.200000000000003,0.7993423532865993,0.8633545003037252,0.7684952150333311,0.84516269342098,0.5821356447565239,0.556675623503278,0.5939656040495241,0.5647441305587224,0.7629781417291873,0.7461069785917285,0.7706916400542594,0.7514945978240445,0.738385503743498,0.6252272010072204,0.7802474554180026,0.6570110298303543
14_5.jpg,Rosacea,6707.6953125,10458.0,5892.890625,8548.0,0.8968459491203519,0.8391720234982929,0.9093763936732999,0.8685448897364132,26.3046875,41.01176470588236,23.109375,33.521568627450975,1.0251054656609897,1.1341904061895764,0.9971251754735596,1.0822933501164596,0.40748860395490916,0.36503696301115074,0.41759104633734623,0.3858248248943379,0.6383483406063724,0.6041828887109852,0.646212849096446,0.6211479895277275,0.7936874233639056,0.6783384703741097,0.8187488560470546,0.7370852213384862
14_6.jpg,Rosacea,6633.984375,10530.0,5978.5546875,8738.0,0.8979795101190293,0.8380647740903638,0.9080590119721342,0.8656229815766001,26.015625,41.294117647058826,23.4453125,34.266666666666666,0.999342550670614,1.111777471986953,0.9771114204100448,1.0643217635374502,0.42913473455597007,0.3844031565654886,0.4372592962104419,0.4037957023893303,0.6550837614809041,0.6200025456121037,0.661255847770318,0.6354492130684641,0.787122179617543,0.662547469367212,0.8081542525622362,0.7199752884454603
14_7.jpg,Rosacea,7022.4609375,10452.0,5851.0546875,9060.0,0.8920053372881617,0.8392642942822871,0.9100197661320087,0.860671116168917,27.5390625,40.98823529411765,22.9453125,35.52941176470588,1.0273846668720077,1.1248177896334703,0.9877350616562073,1.0879041040701125,0.4108419040678465,0.3728092936780444,0.42529009556871156,0.3877928179813135,0.6409695032276079,0.6105811114651717,0.6521426957106179,0.6227301325464454,0.780862723512413,0.6734883720930234,0.8174166862286403,0.7169732731690386
15_1.jpg,Rosacea,6269.4140625,10194.0,5610.0,7894.0,0.9035860415449204,0.8432319379940332,0.9137268169655215,0.8786024051917694,24.5859375,39.976470588235294,22.0,30.95686274509804,0.9655876457667182,1.0803794931468107,0.9427983896973585,1.0177715311724362,0.4525951646264357,0.4067314063248084,0.46088344974363826,0.4322632656147245,0.6727519339447756,0.637754973579045,0.6788839736977433,0.657467311441964,0.7905311454018067,0.6599892897461209,0.8125629823487409,0.736703497474581
15_2.jpg,Rosacea,6669.84375,10498.0,5779.3359375,8598.0,0.8974280480115646,0.8385568849383322,0.9111226903469383,0.8677759665364624,26.15625,41.16862745098039,22.6640625,33.71764705882353,1.0050844929764362,1.1158083378121602,0.9746051515185895,1.0650085879004867,0.4246692082259528,0.3807596223083394,0.4357421513623066,0.40139820496094647,0.651666485424832,0.6170572277417544,0.6601076816416445,0.6335599458306581,0.7877548659124057,0.6663378297001082,0.8160922538864661,0.726726296414701
15_3.jpg,Rosacea,6060.234375,10106.0,5717.578125,7986.0,0.9068029038384646,0.8445852428259466,0.9120724306431274,0.87718758650386,23.765625,39.63137254901961,22.421875,31.31764705882353,0.9281909664472205,1.0455674620862183,0.9164923561792722,0.9892197651504924,0.48145737591911764,0.4338033588063386,0.48577251312596126,0.4573350670290506,0.6938712963649077,0.6586375018220103,0.6969738252803769,0.6762655299725475,0.7852717176020388,0.6426649719025328,0.7974128302162562,0.717625417139682
15_4.jpg,Rosacea,7393.0078125,11814.0,6643.9453125,9338.0,0.8863068955110263,0.8183188263156276,0.8978263262002891,0.8563959031771906,28.9921875,46.32941176470588,26.0546875,36.61960784313725,1.0435664429546385,1.1625849503202372,1.0192798062577577,1.1003046688765883,0.40255239214634997,0.35500044915147383,0.41158526111501587,0.38069181838056254,0.6344701664746342,0.595819141310074,0.6415491104467497,0.6170022839346403,0.7710899995653381,0.6339412747160587,0.7942832521019678,0.7106605403164512
16_1.jpg,Rosacea,6837.1875,11028.0,6408.8671875,8896.0,0.8948545581767293,0.830406299018854,0.9014414666825576,0.8631931842647556,26.8125,43.24705882352941,25.1328125,34.88627450980392,1.029006455127126,1.148087045460064,1.0146695734559734,1.0919813152189144,0.406255954740965,0.3594203948116249,0.4115011438283953,0.38216155670762775,0.6373821104651157,0.5995168011087136,0.6414835491486865,0.618192168106025,0.7895597907254164,0.6606351229751919,0.8027429623437251,0.7262432040249645
16_2.jpg,Rosacea,7102.1484375,10772.0,6046.2890625,9410.0,0.8907798659382401,0.834343185802602,0.9070173613247009,0.8552886537692616,27.8515625,42.24313725490196,23.7109375,36.90196078431372,1.0304990237773737,1.1345139600870016,0.9951374218435681,1.0991926413839463,0.4093992479229743,0.3680801444923809,0.4223536254460424,0.38252492826155493,0.6398431432179095,0.6066960890696271,0.6498873944354071,0.6184859968192934,0.7785932160128438,0.6644557800630598,0.8115092315845669,0.7068816274037687
16_3.jpg,Rosacea,4370.859375,7422.0,4370.859375,5942.0,0.9327828964568019,0.8858610401993048,0.9327828964568019,0.9086211669178482,17.140625,29.105882352941176,17.140625,23.301960784313724,0.7954247531151769,0.8967345029644724,0.7954247531151769,0.8516570431938687,0.5646394152789792,0.5252482418778096,0.5646394152789792,0.5433309637363325,0.7514249232484768,0.7247401202347015,0.7514249232484768,0.7371098722282401,0.8196264519821562,0.6945161759018484,0.8196264519821562,0.7554318400981924
16_4.jpg,Rosacea,6962.6953125,9920.0,5980.546875,9332.0,0.8929244408006028,0.8474456371297634,0.9080283751883862,0.8564881739611848,27.3046875,38.90196078431372,23.453125,36.59607843137255,0.9354879875160913,1.0135666625089288,0.9039664403780541,0.9989717322204865,0.4886595459453696,0.4572742716735245,0.5007572245350347,0.4636396758056413,0.6990418771042044,0.6762205791555922,0.7076420172198897,0.680910916203905,0.7424349431299909,0.6310087048007859,0.7787667236841868,0.6528803662500942
16_5.jpg,Rosacea,7036.40625,10592.0,6221.6015625,9374.0,0.8917908798019254,0.837111309322425,0.9043213243548733,0.855842278473226,27.59375,41.53725490196078,24.3984375,36.760784313725495,1.0210283452028124,1.1208106970437703,0.9939649010809921,1.0891930616990781,0.41669195929750574,0.3775863965017448,0.4266677132518142,0.3905661999399574,0.6455168156582025,0.6144805908258981,0.6531980658665595,0.6249529581816198,0.7777130935848313,0.6648715114340145,0.8034535649109367,0.7034087564371649
16_6.jpg,Rosacea,7159.921875,11032.0,6151.875,8980.0,0.889891399209547,0.830344785162858,0.9053936117860548,0.8619013932888384,28.078125,43.26274509803922,24.125,35.2156862745098,1.0340213873149833,1.1416499527404942,1.0004474967837917,1.0880592046224713,0.4072276142476751,0.36479026287615113,0.419556432340476,0.3866353908479586,0.6381438820890436,0.6039786940581192,0.6477317595582881,0.6218001212994081,0.7774589173702026,0.6567963284868994,0.8087905222145759,0.7206337046602934
17_1.jpg,Rosacea,6789.375,10654.0,6016.40625,8880.0,0.8955898409866823,0.8361578445544859,0.9074769130809215,0.8634392396887398,26.625,41.780392156862746,23.59375,34.8235294117647,1.0242753346989417,1.1356803557443136,0.9979920186573685,1.0884739763708888,0.4096577807363755,0.36588735063451916,0.41920400394379564,0.3849735026054658,0.6400451396084307,0.604886229496522,0.6474596542980849,0.6204623297231394,0.7898450427531883,0.6704076174840516,0.8137711353035882,0.7252881211993971
17_2.jpg,Rosacea,7887.0703125,11662.0,6460.6640625,10102.0,0.8787089731415125,0.820656352843478,0.9006449103051086,0.8446467566819427,30.9296875,45.733333333333334,25.3359375,39.615686274509805,1.0115541487476727,1.1067390720559083,0.967021378571716,1.0699152969628116,0.43743190062866444,0.39835317732614306,0.4545279469209559,0.414314189571012,0.6613863474767713,0.6311522616026525,0.6741868783363822,0.6436724241188309,0.7339993329530247,0.6053685366776763,0.7821065513429297,0.6581575165081364
17_3.jpg,Rosacea,7010.5078125,10816.0,6241.523437500001,9216.0,0.8921891579906499,0.8336665333866453,0.9040149565173932,0.8582720757850706,27.4921875,42.41568627450981,24.476562500000004,36.14117647058824,1.0186136204843663,1.1245867350438399,0.9930880842967601,1.0831904788086744,0.4183978156500805,0.3767131899850426,0.42781367283241434,0.3937388600279578,0.6468367766678704,0.6137696554775599,0.6540746691566753,0.6274861432955774,0.7778954184443473,0.656769110438042,0.8022581261682695,0.7075429106691009
1_1.jpg,Rosacea,5247.421875,7412.0,4338.984375,6662.0,0.9193027116076647,0.8860148248392951,0.9332730849967705,0.897548672838557,20.578125,29.066666666666666,17.015625,26.12549019607843,0.8050973028078536,0.8677630613640506,0.7726032456918995,0.8461274922118652,0.5710088372148032,0.5474714500869966,0.5829197909345264,0.5565090529608804,0.75565126693125,0.739913136852561,0.7634918407779656,0.7459953437930296,0.7725551913436381,0.6757448210795529,0.811930602409432,0.7085553154387455
1_2.jpg,Rosacea,6946.7578125,11242.0,6681.796875,9366.0,0.893169535070587,0.8271153077230646,0.8972442273090764,0.8559653061852182,27.2421875,44.08627450980392,26.203125,36.72941176470589,1.0328926695724863,1.153531629794954,1.0241522962511898,1.1053227755337285,0.4046657624734176,0.35704454936372176,0.4078864916926483,0.3767515864791009,0.6361334470639142,0.5975320488172344,0.6386599186520541,0.6138009339184007,0.7862995530910372,0.6541963443476834,0.794450444814264,0.7119020602348695
1_3.jpg,Rosacea,7000.546875,10544.0,6223.59375,9330.0,0.8923423419093901,0.8378494755943777,0.9042906875711254,0.8565189308891827,27.453125,41.34901960784314,24.40625,36.588235294117645,1.0157726932412474,1.1151032257509605,0.989988527225403,1.0835882600779374,0.42073676966190887,0.38180766850829717,0.4302553254757786,0.39477126004090635,0.6486422509071613,0.6179058735020223,0.6559385073890529,0.6283082524055421,0.777192567167712,0.663815151047949,0.8019207683073228,0.7025223216310094
1_4.jpg,Rosacea,7040.390625,11004.0,6653.90625,9580.0,0.8917296062344293,0.8307753821548304,0.8976731422815489,0.8526743148894289,27.609375,43.152941176470584,26.09375,37.568627450980394,1.0154148748118907,1.1245394128359085,1.00283533596477,1.0885352333178546,0.4216957274733576,0.37855869553617105,0.4263876240696186,0.3935256380409097,0.6493810341189198,0.6152712373711053,0.6529836323137194,0.6273162185380748,0.7752549593854325,0.6480679237394944,0.7875924064367135,0.6936105697404904
1_5.jpg,Rosacea,7398.984375,11846.0,6944.765625,9454.0,0.8862149851597823,0.8178267154676591,0.8932001718543352,0.8546120013533048,29.015625,46.45490196078432,27.234375,37.07450980392157,1.031782050028605,1.14980883185609,1.017321860269663,1.0905469028180357,0.41301383153790006,0.3656370769175964,0.41845825195312497,0.3903731224541591,0.6426615217499022,0.6046793174217193,0.6468834917920885,0.624798465470394,0.7659415688539347,0.6246693795737901,0.7803102609113668,0.7004579026245662
2_1.jpg,Rosacea,7805.390625,11856.0,6795.3515625,10006.0,0.8799650812751822,0.8176729308276689,0.895497930635438,0.8461230892258481,30.609375,46.49411764705882,26.6484375,39.239215686274505,1.033079389110742,1.137564815259723,1.0014276307804932,1.0930865174145732,0.4179439590729828,0.37553395241323945,0.42998924082309087,0.39441919765576805,0.6464858537299814,0.6128082509343681,0.655735648583399,0.6280280229860512,0.7480485210083454,0.616454760058054,0.7806517368962395,0.6763028280314515
2_10.jpg,Rosacea,7592.2265625,11896.0,6787.3828125,9866.0,0.8832432171362223,0.8170577922677082,0.8956204777704303,0.8482760741857103,29.7734375,46.65098039215686,26.6171875,38.69019607843137,1.0489188531199738,1.1634674806738947,1.0231707357041873,1.1135330196132267,0.40096933402267154,0.3550153825141338,0.41060963913368653,0.3757861214766568,0.6332213941605823,0.5958316729699201,0.6407882950972861,0.613013965156306,0.7645543801981179,0.6307933575312061,0.7895137164353155,0.6937968447715938
2_2.jpg,Rosacea,7333.2421875,11464.0,6392.9296875,9506.0,0.8872259990234675,0.8237012887152831,0.901686560952542,0.853812321225356,28.7578125,44.956862745098036,25.0703125,37.27843137254902,1.0412731368824648,1.1547774736569574,1.0104250262134835,1.105227052364174,0.4036221054176879,0.3581591195294863,0.4150303528465614,0.3785599182640693,0.6353126044851368,0.5984639667761847,0.6442284942833261,0.6152722310197896,0.7727764026652304,0.6449985160779808,0.8019123814595828,0.7056311840402376
2_3.jpg,Rosacea,7313.3203125,11566.0,6402.890625,9494.0,0.8875323668609478,0.8221326853873834,0.9015333770338019,0.8539968627933442,28.6796875,45.35686274509804,25.109375,37.2313725490196,1.0284822370239999,1.144342493959611,0.9987954924952875,1.092552072979991,0.4145686018260705,0.36760921640022226,0.4256164438144284,0.38915370088782286,0.6438700193564463,0.6063078561260956,0.6523928600271683,0.6238218502808497,0.7683963671986083,0.6341315553225072,0.797228527424769,0.6996753403278474
2_4.jpg,Rosacea,7233.6328125,11726.0,6558.28125,9300.0,0.8887578382108695,0.819672131147541,0.8991437079014548,0.8569802848091532,28.3671875,45.984313725490196,25.71875,36.47058823529412,1.0355383163040581,1.1582156666973396,1.013471983987787,1.0970313468951298,0.40708599438166815,0.35776801168213634,0.4152691291360295,0.3830128666982695,0.6380329101086151,0.5981371177933504,0.6444137872020038,0.6188803331002445,0.7748306374182093,0.6352686692739766,0.7958530593171977,0.7107281787692292
2_5.jpg,Rosacea,7251.5625,11052.0,5819.1796875,8750.000000000002,0.8884821071571372,0.8300372158828776,0.9105099546719773,0.865438440008612,28.4375,43.34117647058824,22.8203125,34.313725490196084,1.0159349260664121,1.118852509796936,0.9682774444058089,1.059253245790463,0.4245688073885344,0.38362445012350704,0.44216908526393095,0.408245352532763,0.6515894469591527,0.6193742407652316,0.6649579575160606,0.6389408051868053,0.7658863704323072,0.6424027472925317,0.8121302439650465,0.716885996996892
2_6.jpg,Rosacea,7424.8828125,11128.0,6349.1015625,9316.0,0.8858167069710577,0.8288684526189525,0.9023605701949989,0.8567342293851691,29.1171875,43.63921568627451,24.8984375,36.53333333333333,0.9613649002121265,1.0546462065151543,0.9277624710128226,1.0112033401958636,0.4733270533531274,0.4347389641785957,0.48636669705987484,0.45384397453970704,0.6879876840126772,0.6593473774715387,0.6973999548751597,0.6736794300998858,0.7316614824913359,0.5958228245330607,0.7705406881405655,0.6616360022780368
2_7.jpg,Rosacea,7600.1953125,12064.0,6773.4375,9878.0,0.8831206700012302,0.8144742103158737,0.8958349352566666,0.8480915326177221,29.8046875,47.30980392156863,26.5625,38.73725490196079,1.0533538864087102,1.1724490771139977,1.0268387280207,1.118799034804868,0.3971842419757425,0.34919533867508146,0.4070881992502884,0.3714691928887257,0.6302255484949356,0.590927524045954,0.6380346379706108,0.609482725668846,0.7660486321603681,0.6287176398592041,0.7914981256475102,0.6959941020001009
2_8.jpg,Rosacea,7285.4296875,11326.0,6420.8203125,9390.0,0.8879612818334205,0.8258235167471473,0.9012576459800695,0.8555962230492418,28.5703125,44.41568627450981,25.1796875,36.8235294117647,1.039017090962902,1.14984205923071,1.0106434587499227,1.1004736745316284,0.4048470404073854,0.36090194700793077,0.4153409009417952,0.3811898229187869,0.6362759153129917,0.6007511523151086,0.6444694724669239,0.6174057198623826,0.773959609156784,0.6483056951128481,0.800785294042197,0.7084222564991739
2_9.jpg,Rosacea,6709.6875,10958.0,6185.7421875,8768.0,0.8968153123366038,0.831482791498785,0.9048727864623382,0.8651616276566296,26.3125,42.97254901960784,24.2578125,34.384313725490195,0.9995877636212795,1.1198394393498599,0.9820377459553346,1.0628603511007158,0.4301892455913892,0.38195415887864975,0.4366489014704381,0.4054165358279821,0.6558881349676858,0.618024399905578,0.6607941445491463,0.636723280419353,0.7837998061716246,0.6473927650808251,0.8006824222573914,0.7178627271608573
3_1.jpg,Rosacea,7110.1171875,10984.0,6074.1796875,9228.0,0.890657318803248,0.8310829514348108,0.9065884463522282,0.8580875342170824,27.8828125,43.07450980392157,23.8203125,36.188235294117646,1.0349576883631335,1.1440731846296366,1.0002379287288934,1.0984304295830807,0.4055756664166126,0.36230590966920273,0.4182768360388732,0.3809168282213641,0.6368482287143559,0.6019185241120286,0.6467432535704359,0.6171845981725111,0.7800072279759908,0.6603321332741616,0.8120599714482475,0.7146344615671852
3_2.jpg,Rosacea,7032.421875,10676.0,5962.6171875,8782.0,0.8918521533694215,0.8358195183465076,0.9083041062421185,0.8649463291606434,27.578125,41.86666666666667,23.3828125,34.439215686274515,0.9773866849980781,1.075083112742063,0.9423104775143638,1.026717179254761,0.45447462035710423,0.41536524316128964,0.46763890531511315,0.43577649728367274,0.6741473283764493,0.644488357661556,0.6838412866412156,0.6601336965219036,0.7591712132238085,0.6330350009788174,0.7958072071328212,0.6981372591416236
3_3.jpg,Rosacea,7030.4296875,10410.0,5843.0859375,8976.0,0.8918827901531694,0.8399101897702457,0.910142313267001,0.8619629071448345,27.5703125,40.8235294117647,22.9140625,35.199999999999996,0.9841409144875207,1.0761395293759333,0.9448638044177542,1.0392259182890158,0.4486719777812319,0.41218295166692015,0.46331674331612244,0.42766129763180727,0.6698298125503462,0.6420147596955386,0.6806737421967461,0.6539581772803268,0.7623232618386001,0.6468716232447272,0.8024636233983037,0.6955158203885373
3_4.jpg,Rosacea,6550.3125,10376.0,6022.3828125,8224.0,0.899266255036447,0.8404330575462122,0.9073850027296775,0.8735275120720942,25.6875,40.69019607843137,23.6171875,32.25098039215686,0.969876079506765,1.0765895136646928,0.9521946369365384,1.0194597482934902,0.4535069787048551,0.41151102035253645,0.4600560533170836,0.4351393737451408,0.673429267781595,0.6414912472922265,0.6782743201073468,0.6596509484152515,0.779043392943046,0.6488210250817525,0.7968516353001303,0.7216561401573182
3_5.jpg,Rosacea,6785.390625,9748.0,5548.2421875,8686.0,0.8956511145541782,0.8500907329375942,0.9146765572617107,0.866422661704549,26.609375,38.227450980392156,21.7578125,34.062745098039215,0.8872718449310328,0.9629025186512877,0.8475854585582409,0.9367644475620555,0.5255758508596453,0.4944633198038018,0.5409928751486808,0.506165474285243,0.724966103248728,0.7031808585305788,0.7355221785566229,0.7114530724406515,0.7260873711584193,0.6035119476416544,0.7760285756536106,0.6467075068953025
3_6.jpg,Rosacea,6486.5625,9706.0,5855.0390625,8582.0,0.9002466321163842,0.8507366284255529,0.9099584925645126,0.8680220219604465,25.4375,38.062745098039215,22.9609375,33.654901960784315,0.9556356163255796,1.046561529324863,0.9344228744031031,1.0166917776794253,0.4647655053232231,0.42932107861983704,0.4726341970899113,0.4417452210510818,0.68173712332777,0.6552259752328482,0.6874839613328527,0.6646391660525897,0.776048402310479,0.6635838271821136,0.7978520437317254,0.7025423866553575
3_7.jpg,Rosacea,4934.6484375,6772.0,4221.4453125,6516.0,0.9241126866561068,0.8958570417986651,0.9350806552379048,0.8997939285824131,19.3515625,26.55686274509804,16.5546875,25.55294117647059,0.7414217930012239,0.7931152144366562,0.7162135815334623,0.7858204859577875,0.6166988442320862,0.5974122305013553,0.6261225709838163,0.6005446540908393,0.7853017536158227,0.7729244662328624,0.7912790727574035,0.7749481621959234,0.7576777484461505,0.6632778434116631,0.7927005042217977,0.6760068558284696
4_1.jpg,Rosacea,7596.2109375,11604.0,6426.796875,9664.0,0.8831819435687264,0.8215483037554209,0.9011657356288254,0.8513825239135115,29.7890625,45.50588235294117,25.203125,37.898039215686275,1.0521636979455458,1.1602792935475446,1.0141710046422334,1.11161197523885,0.39817221506977485,0.35495920230603645,0.4122779179169369,0.3750357274528872,0.6310088866805085,0.5957845267427113,0.6420887149895541,0.6124016063441434,0.7657300188599594,0.6419685789218101,0.801795185114668,0.7018256072647685
4_2.jpg,Rosacea,7578.28125,12024.0,6715.6640625,9750.0,0.8834576746224587,0.8150893488758342,0.8967234019853597,0.8500599760095962,29.71875,47.152941176470584,26.3359375,38.23529411764706,1.0506624764988555,1.169524503301342,1.0229434306020848,1.1134690218061563,0.3992159284439879,0.35122201229497835,0.4095657122185578,0.37448287895658977,0.6318353649836228,0.5926398672844904,0.6399732121101303,0.6119500624696347,0.7658922184189166,0.6287306239972125,0.7925401336199179,0.6989457405167017
4_3.jpg,Rosacea,6779.4140625,10832.0,5954.6484375,8810.0,0.8957430249054223,0.8334204779626612,0.9084266533771107,0.864515732168671,26.5859375,42.47843137254902,23.3515625,34.549019607843135,0.983979765149406,1.0976607552914501,0.956433052260188,1.0456319695178782,0.4449479420099841,0.3987229959908065,0.4551478500982194,0.42042568917021095,0.6670441829519121,0.6314451646745001,0.6746464630443262,0.6484024129891953,0.7741675123615593,0.6397793034450142,0.8016416968700267,0.707021386941523
4_4.jpg,Rosacea,7456.7578125,11316.0,6458.671875,9546.0,0.8853265184310891,0.8259773013871374,0.9006755470888568,0.8531971826653955,29.2421875,44.37647058823529,25.328125,37.43529411764706,1.0257444240526572,1.1288465329702775,0.9935731303445591,1.0846251437986685,0.41916732840884524,0.3779228155379271,0.43123183165729523,0.39641001436616596,0.647431331037389,0.6147542724844839,0.6566824435427638,0.6296110024182916,0.760748237505875,0.636186400855326,0.7927720507598307,0.6930925576674568
4_5.jpg,Rosacea,6400.8984375,9312.0,5159.765625,7930.0,0.9015640138175499,0.856795743241165,0.9206507300925784,0.8780487804878049,25.1015625,36.51764705882353,20.234375,31.098039215686274,0.8576125500234618,0.9330663359746549,0.8168523937821729,0.8979067632970461,0.544503146138204,0.5136395785431948,0.5601967148302335,0.5292574100902545,0.7379045643836363,0.7166865273905982,0.7484629014388312,0.7275007973124528,0.7315945762675427,0.6062100564476685,0.7836383294531389,0.6646526790839787
5_1.jpg,Rosacea,7414.921875,11414.0,6618.046875,9868.0,0.8859698908897979,0.8244702119152338,0.8982246043890136,0.8482453172577122,29.078125,44.760784313725495,25.953125,38.69803921568628,1.0477284001697809,1.1572773688840718,1.0218393791884868,1.1184827819533458,0.3992208192349397,0.35562616229732125,0.40883100522109883,0.3716201711671242,0.6318392352766166,0.5963439966138011,0.639398940584905,0.6096065708037637,0.7718224521290845,0.6486912197655863,0.7963444884397686,0.6962751845669182
5_2.jpg,Rosacea,6918.8671875,10172.0,5797.265625000001,8814.0,0.8935984500430597,0.8435702642020115,0.9108469592932058,0.8644542183126749,27.1328125,39.89019607843137,22.734375000000004,34.56470588235294,0.9633628300414367,1.0514982509737358,0.9263822150980742,1.016525066594675,0.46472939485038806,0.4296891793163279,0.4786050404479348,0.444475663738594,0.6817106386513181,0.6555068110373284,0.6918128651940023,0.6666900807261152,0.7582784383193629,0.6431339097676775,0.7974633617936498,0.6907768659744699
5_3.jpg,Rosacea,6837.1875,10034.0,5741.484375,8772.0,0.8948545581767293,0.8456924922338758,0.9117047892381509,0.8651001138006336,26.8125,39.34901960784314,22.515625,34.4,0.9572374504244973,1.0442476329568324,0.9209780099277344,1.0116241285677896,0.46872355330957444,0.4342131074597784,0.4823144235577962,0.4480080271968268,0.684633882677139,0.6589484861958319,0.6944886057796745,0.6693340176599624,0.7594908594030758,0.6454997944568692,0.7980339909089931,0.6900861268662207
5_4.jpg,Rosacea,7353.1640625,11690.0,6735.5859375,9662.0,0.886919631185987,0.8202257558515056,0.8964170341478792,0.8514132808415096,28.8359375,45.84313725490196,26.4140625,37.89019607843137,1.0451345576925979,1.16299180186209,1.0251216641851921,1.1122347464155404,0.40052443912422503,0.35353520866564053,0.4079641858562512,0.3744821325486117,0.6328700017572527,0.5945882681870208,0.6387207416831328,0.6119494526091283,0.773464726851987,0.6397308880451206,0.792490989294654,0.7022309529762151
5_5.jpg,Rosacea,7243.59375,11466.0,6594.140625,9632.0,0.8886046542921292,0.8236705317872852,0.8985922457939901,0.8518746347614801,28.40625,44.96470588235294,25.859375,37.772549019607844,1.0348317966688214,1.1510654143650307,1.0136606099504717,1.1049890171464716,0.4078715222397935,0.36122060739954365,0.4157338115335748,0.38027390512122256,0.6386481991204497,0.6010163120910643,0.6447742329944449,0.6166635266668709,0.7741069567348919,0.6427197583050746,0.7943602933972751,0.6998671473918087
5_6.jpg,Rosacea,7646.015625,11748.0,6637.96875,9922.0,0.8824160239750254,0.8193338049395626,0.8979182365515332,0.8474148802017654,29.984375,46.07058823529412,26.03125,38.909803921568624,1.0485295917680486,1.1577380840926983,1.0161954048114699,1.112763461372488,0.4021419252060506,0.3583553709047226,0.41423896645821323,0.3770785349319259,0.6341466117594973,0.5986279068876781,0.6436139887061291,0.6140672071784373,0.7620196478730336,0.6339895145927876,0.7933948584452704,0.6908787847965303
6_1.jpg,Rosacea,6663.8671875,9818.0,5916.796875,8898.0,0.8975199583628086,0.849014240457663,0.9090087522683234,0.8631624273367576,26.1328125,38.501960784313724,23.203125,34.89411764705882,0.9533208717290013,1.040626048024571,0.9285856284299776,1.0167339338291825,0.4694747714783677,0.4351340755729209,0.47874092192981665,0.4452101764899521,0.6851822906923147,0.6596469325123258,0.6919110650436345,0.6672407185491246,0.7663150594143943,0.6542325591080714,0.7925129227087446,0.686632848945164
6_2.jpg,Rosacea,7771.5234375,12146.0,6888.984375,9988.0,0.8804859065988989,0.8132131762679544,0.8940580017992803,0.8463999015778303,30.4765625,47.63137254901961,27.015625,39.16862745098039,1.0584136860612792,1.1740851091669227,1.0304143564792483,1.1214815012735153,0.39537805565317424,0.34858560234943503,0.40589035392036715,0.3704761632950743,0.6287909474962042,0.5904113839937667,0.6370952471337132,0.6086675310011815,0.7606761961149173,0.6260579524874825,0.7878539569765148,0.6924968573559178
6_3.jpg,Rosacea,7207.734375,11168.0,6373.0078125,9390.0,0.889156116399594,0.8282533140589918,0.9019929287900225,0.8555962230492418,28.265625,43.79607843137255,24.9921875,36.8235294117647,1.0401251011030483,1.1501496579190102,1.0125492543973378,1.1044348980769507,0.4025979847744858,0.3591114821865603,0.41275393159331747,0.37781007245756626,0.634506095143684,0.5992591110584472,0.6424592839965172,0.6146625679651936,0.7777947166853246,0.6555624239723885,0.8035282749243653,0.7103985638521424
6_4.jpg,Rosacea,7538.4375,11960.0,6946.7578125,9904.0,0.8840704102974195,0.8160735705717713,0.893169535070587,0.8476916925537478,29.5625,46.90196078431372,27.2421875,38.83921568627451,1.0508515965559333,1.1691007184174382,1.0319631741328146,1.1185476714109353,0.39842333026960786,0.35099859223694907,0.4054956111005983,0.37198576255162263,0.6312078344488509,0.5924513416618694,0.6367853728695394,0.6099063555592962,0.7677123451820742,0.6313319788227487,0.7859442250660393,0.6947083543696073
7_1.jpg,Rosacea,6562.265625,10084.0,5641.875,8400.0,0.8990824343339587,0.844923569033925,0.9132366284255529,0.8708209024082675,25.734375,39.54509803921568,22.125,32.94117647058823,1.016687090242663,1.121113733221661,0.984632505476922,1.074625097337471,0.41246016077425146,0.3718833372134841,0.42395801841914765,0.39041938224747497,0.6422306133891871,0.6098223816928041,0.6511205866958498,0.6248354841456069,0.7968638833198887,0.6880249803480301,0.8253547412149134,0.7401239423763835
7_2.jpg,Rosacea,6129.9609375,9928.0,5721.5625,8236.0,0.9057306164072833,0.8473226094177713,0.9120111570756313,0.873342970504106,24.0390625,38.93333333333333,22.4375,32.29803921568627,0.973130913835961,1.0867255118822672,0.9589128234058231,1.0404140741046657,0.4435442399520317,0.39884750232846,0.44868016179549336,0.41759965754158673,0.665991171076638,0.6315437453798906,0.6698359215475782,0.6462195118855409,0.7998801669449418,0.6763777844807372,0.813212817505971,0.7315317720571466
7_3.jpg,Rosacea,6739.5703125,11414.0,6536.3671875,8746.0,0.8963557605803832,0.8244702119152338,0.8994807125226832,0.865499953864608,26.4296875,44.760784313725495,25.6328125,34.29803921568627,1.0025895621541512,1.1328066912595511,0.9958781735797573,1.064314565180906,0.42804511176215276,0.37559412245105506,0.4305320909288195,0.4039036600390735,0.6542515661136417,0.6128573426590034,0.6561494425272489,0.6355341533222849,0.7836436575705609,0.6340672080103823,0.7901669643774786,0.7196032767880501
7_4.jpg,Rosacea,7289.4140625,11324.0,6484.5703125,9444.0,0.8879000082659243,0.8258542736751453,0.9002772689001323,0.8547657859932949,28.5859375,44.40784313725491,25.4296875,37.03529411764706,1.0439968253828948,1.1555396370161297,1.0175869926990786,1.1074930153090086,0.40049828622855393,0.35618833569024777,0.4102538715202686,0.37586625154226755,0.632849339281123,0.5968151604058394,0.6405106334170172,0.6130793191278495,0.7757816772774044,0.6516968705111178,0.800538223432072,0.7095218337254501
7_5.jpg,Rosacea,6994.5703125,10768.0,5586.09375,8796.0,0.8924342522606342,0.8344046996585981,0.914094458370498,0.8647310306646573,27.4296875,42.227450980392156,21.90625,34.49411764705882,1.0042322867801363,1.1103592785497973,0.9565318995460236,1.0589442920092726,0.43074871058832537,0.3878774950810774,0.44821849290612376,0.40907990240053477,0.6563144906127895,0.6227981174353993,0.6694912194391527,0.6395935446832893,0.7727071340338091,0.6505986102608343,0.8184764465482198,0.7145863090503619
7_6.jpg,Rosacea,6432.7734375,10036.0,5253.3984375,8304.0,0.9010738252775813,0.8456617353058776,0.9192108012564204,0.8722972349521729,25.2265625,39.35686274509804,20.6015625,32.56470588235294,0.9549971672998493,1.0593128634064786,0.9142293627282327,1.0132030960327247,0.464461033523014,0.4222223201350558,0.479338694759077,0.44134569459207507,0.6815137808753495,0.6497863649962623,0.6923429025844614,0.6643385391440685,0.7783867645803496,0.6549181622409729,0.8190170016099045,0.7144719429303545
8_1.jpg,Rosacea,6524.4140625,9548.0,5199.609375,8138.0,0.8996645332251714,0.8531664257373974,0.9200379944176176,0.8748500599760096,25.5859375,37.44313725490196,20.390625,31.91372549019608,0.9389760209358761,1.0231146787090943,0.8937146604777415,0.9853172658672762,0.4795383996314518,0.4465601470821044,0.49623877760356594,0.4623463423481431,0.6924871115273206,0.6682515597303941,0.704442174776302,0.6799605446995752,0.7667623176229083,0.6570576598737613,0.8141220302277223,0.7077016376259602
8_2.jpg,Rosacea,7542.421875,11804.0,6793.359375,9684.0,0.8840091367299234,0.8184726109556177,0.8955285674191862,0.8510749546335312,29.578125,46.29019607843137,26.640625,37.976470588235294,1.0224907947289503,1.133520647104055,0.9988167707138953,1.081969519601632,0.42326594310556637,0.3783321715940147,0.4322458726999532,0.40016116144960073,0.6505889202142674,0.6150871252058644,0.6574540841001394,0.6325829285157802,0.7553907678230837,0.6162889663076905,0.7796837079441932,0.6852035199698132
8_3.jpg,Rosacea,6705.703125,9622.0,5476.5234375,8508.0,0.8968765859040999,0.8520284194014702,0.91577948147664,0.8691600282963738,26.296875,37.733333333333334,21.4765625,33.36470588235294,0.8820818790720723,0.9569127821262076,0.8424548320485196,0.9292169086091713,0.5287546974308259,0.49806651350048575,0.5441164319875469,0.5104217484742878,0.7271552086252466,0.705738275496296,0.7376424824991759,0.7144380648273773,0.727726415671007,0.6063016193263852,0.7776351505286982,0.6518825792173025
8_4.jpg,Rosacea,7482.65625,11678.0,6719.648437500001,9844.0,0.8849282402423646,0.8204102974194938,0.8966621284178637,0.8486144003936886,29.34375,45.79607843137255,26.351562500000004,38.60392156862745,1.0409790125184748,1.153332222924942,1.0164658448350026,1.1080211980387014,0.40624736851886895,0.36131158876136865,0.4154185641302325,0.38018097685493746,0.6373753748921188,0.6010919969200793,0.6445297232325539,0.6165881744365014,0.7660731603024449,0.634491332632284,0.7899267224973766,0.691893533004984
8_5.jpg,Rosacea,6464.6484375,9600.0,5729.53125,8398.0,0.9005836367376127,0.8523667456094485,0.9118886099406391,0.8708516593362655,25.3515625,37.64705882352941,22.46875,32.93333333333333,0.881981118357977,0.9644130903271648,0.8581926075818896,0.93413791225604,0.525810187844669,0.4923099261647954,0.534995273471291,0.5056786828950093,0.7251277045077432,0.7016480073119252,0.7314337109207444,0.7111108794660712,0.7415406643506779,0.6133685568468304,0.7709309555231277,0.6617780354583003
9_1.jpg,Rosacea,7428.8671875,11396.0,6568.2421875,9234.0,0.8857554334035616,0.8247470242672161,0.8989905239827146,0.8579952634330883,29.1328125,44.69019607843138,25.7578125,36.21176470588235,0.9856868669831483,1.0873753355935654,0.9586530871948737,1.0347070788836146,0.45307204701542064,0.4114561655152597,0.46345834675590525,0.4341563312605198,0.6731062672531141,0.6414484901496453,0.6807777513667036,0.658905403878675,0.7436893719342529,0.6052824330561047,0.7733826385806467,0.6801665485117648
9_2.jpg,Rosacea,7530.46875,11722.0,6886.9921875,9800.0,0.8841929574324117,0.8197336450035371,0.8940886385830283,0.8492910528096453,29.53125,45.96862745098039,27.0078125,38.43137254901961,1.0073626598926102,1.115271865920346,0.9872634273550509,1.0692103014838954,0.43609238333813916,0.3921198240229669,0.4437940945564807,0.4118946135081574,0.6603729123291924,0.6261947173387579,0.6661787256858933,0.6417901631438093,0.7490656672682078,0.6082025860635382,0.7705079396153954,0.6724437249123592
9_3.jpg,Rosacea,7118.0859375,11674.0,6795.3515625,9406.0,0.8905347716682558,0.8204718112754898,0.8954979306354381,0.8553501676252576,27.9140625,45.780392156862746,26.6484375,36.88627450980392,1.0377886680642663,1.1628138309200833,1.0272608851366707,1.1054930110118266,0.40319078890555915,0.3535327196930291,0.4070920378242443,0.3771044681155815,0.6349730615589603,0.5945861751613715,0.6380376460870035,0.6140883227318213,0.7807703497787175,0.640339404343276,0.7907102331640651,0.7102135032767564
9_4.jpg,Rosacea,7404.9609375,11084.0,6223.59375,9338.0,0.8861230748085381,0.8295451050349092,0.9042906875711254,0.8563959031771906,29.0390625,43.46666666666667,24.40625,36.61960784313725,0.9694522779851771,1.063228021973691,0.9321283594195134,1.0209849271083393,0.46635684085598084,0.427845752166122,0.48071693429209916,0.446263969274527,0.6829032441393004,0.6540991913816451,0.6933375327299822,0.6680299164517461,0.7368383744087963,0.6042796785252992,0.7788224594170244,0.6666152686818156
9_5.jpg,Rosacea,5880.9375,8378.0,4673.671875,7268.0,0.9095602143757882,0.8711592286162458,0.9281261053270998,0.8882293236551533,23.0625,32.85490196078431,18.328125,28.501960784313727,0.8245339841254282,0.8918676738810538,0.7833942517124592,0.8620689258491995,0.5641744160899653,0.5374827304613714,0.5797270017841696,0.5504457014063588,0.751115447910616,0.7331321371085647,0.7613980573814,0.7419202796839826,0.744201409277745,0.6321668312093488,0.7967129085926795,0.6809009941787476
9_6.jpg,Rosacea,6631.9921875,9360.0,4944.609375000001,8306.0,0.8980101469027773,0.8560575769692123,0.9239595027373666,0.8722664780241749,26.0078125,36.70588235294118,19.390625000000004,32.57254901960784,0.902035996116884,0.974690729350991,0.8453091221255382,0.9473942006594672,0.5117254758348652,0.4826992565039827,0.5330553157326811,0.4945047028757904,0.7153498974871424,0.6947656126378037,0.7301063728886915,0.7032102835395615,0.7428908809409743,0.6347288941256881,0.8083073495030034,0.6758609182273467
9_7.jpg,Rosacea,6177.7734375,9050.0,5177.6953125,7662.0,0.9049953335973303,0.8608249008089072,0.920374999038846,0.882170208839541,24.2265625,35.49019607843137,20.3046875,30.04705882352941,0.8555022316530123,0.9320349468439155,0.8222484028369167,0.8957260239536682,0.5433772120022947,0.5125769721845662,0.5560712854956626,0.5284365911966251,0.7371412429123029,0.7159448108510643,0.7457018744080389,0.726936442336347,0.7436720176567371,0.6214060199188796,0.785167227955453,0.6794710413943043
